Player,Pos,Age,Team,GP,MinOn,Win_pct,AdjPPG,End Elo,absDelta,relDelta,EPG,teamRank,Market Value
Aaron Cresswell,D,29,WestHam,20,1678,35.0,1.25,1668.0,5.0,0.3,0.34,20,10.0
Aaron Lennon,M,31,Burnley,16,1285,12.5,0.62,1619.0,-93.0,-5.44,-2.29,21,5.0
Aaron Mooy,M,28,Huddersfield,29,2473,10.3,0.59,1581.0,-46.0,-2.85,-0.75,13,14.0
Aaron Ramsey,F,28,Arsenal,28,1419,53.6,1.93,1885.0,130.0,7.39,2.85,2,40.0
Aaron Wan-Bissaka,D,21,CrystalPalace,35,3321,37.1,1.31,1797.0,52.0,2.98,1.09,2,35.0
Abdelhamid Sabiri,M,22,Huddersfield,2,49,0.0,0.5,1655.0,0.0,0.01,0.39,2,1.5
Abdoulaye Doucouré,M,26,Watford,35,3232,42.9,1.43,1721.0,30.0,1.75,0.7,8,25.0
Aboubakar Kamara,F,23,Fulham,13,738,7.7,0.62,1606.0,-66.0,-3.94,-1.69,18,2.75
Adam Lallana,M,30,Liverpool,13,506,61.5,2.23,1871.0,63.0,3.49,2.13,19,15.0
Adam Masina,D,25,Watford,14,1057,28.6,1.07,1674.0,-38.0,-2.2,-0.84,18,7.0
Adam Smith,D,28,Bournemouth,25,2176,44.0,1.4,1716.0,2.0,0.12,0.24,11,7.0
Adama Diakhaby,F,22,Huddersfield,12,584,0.0,0.42,1570.0,-73.0,-4.45,-1.96,17,8.0
Adama Traoré,D,23,Wolves,29,1005,17.2,0.97,1666.0,-20.0,-1.2,-0.22,19,15.0
Ademola Lookman,F,21,Everton,21,724,33.3,1.48,1740.0,21.0,1.21,0.72,12,20.0
Adrian Mariappa,D,32,Watford,26,2043,30.8,1.27,1712.0,9.0,0.52,0.38,10,3.0
Adrien Silva,M,29,Leicester,2,95,0.0,0.5,1700.0,-1.0,-0.03,0.35,18,13.0
Ainsley Maitland-Niles,D,21,Arsenal,16,1055,31.2,1.25,1744.0,-2.0,-0.13,0.19,28,12.0
Alberto Moreno,D,26,Liverpool,2,159,50.0,2.0,1838.0,-6.0,-0.33,0.13,22,9.0
Aleksandar Mitrović,F,24,Fulham,37,3455,18.9,0.7,1578.0,-88.0,-5.3,-1.37,23,25.0
Alex Iwobi,F,23,Arsenal,35,2079,42.9,1.69,1824.0,58.0,3.31,1.2,12,25.0
Alex McCarthy,G,29,Southampton,25,2387,20.0,0.92,1660.0,-34.0,-2.0,-0.55,23,5.0
Alex Oxlade-Chamberlain,M,25,Liverpool,2,26,50.0,2.0,1892.0,-0.0,-0.02,0.39,18,35.0
Alex Pritchard,F,26,Huddersfield,30,2182,10.0,0.63,1564.0,-76.0,-4.62,-1.32,19,9.0
Alexander Sørloth,F,23,CrystalPalace,12,241,16.7,1.08,1685.0,-29.0,-1.67,-0.61,23,6.0
Alexandre Lacazette,F,27,Arsenal,35,2637,51.4,1.8,1830.0,77.0,4.4,1.54,10,70.0
Alexis Sánchez,F,30,ManUnited,20,947,45.0,1.7,1820.0,23.0,1.28,0.78,9,35.0
Alfie Mawson,D,25,Fulham,15,1191,6.7,0.6,1610.0,-90.0,-5.29,-2.27,17,15.0
Alireza Jahanbakhsh,F,25,Brighton,19,1075,31.6,1.32,1655.0,-32.0,-1.89,-0.58,6,15.0
Alisson,G,26,Liverpool,38,3605,78.9,2.55,2008.0,193.0,10.63,3.44,7,80.0
Ander Herrera,M,29,ManUnited,22,1498,50.0,1.77,1848.0,84.0,4.78,2.17,2,25.0
Andre Gray,F,27,Watford,29,1460,34.5,1.41,1700.0,0.0,0.03,0.18,12,15.0
Andre-Frank Zambo Anguissa,M,23,Fulham,22,1588,27.3,0.91,1628.0,-53.0,-3.18,-1.03,13,25.0
Andreas Christensen,D,23,Chelsea,8,659,50.0,1.75,1828.0,26.0,1.46,1.21,13,30.0
Andreas Pereira,M,23,ManUnited,15,650,20.0,1.07,1694.0,-104.0,-5.8,-2.66,27,10.0
Andrew Robertson,D,25,Liverpool,36,3384,77.8,2.53,2017.0,182.0,9.9,3.36,6,60.0
Andrew Surman,M,32,Bournemouth,18,1520,27.8,0.89,1637.0,-79.0,-4.63,-1.81,26,2.5
Andriy Yarmolenko,M,28,WestHam,9,484,22.2,1.0,1715.0,24.0,1.4,1.1,14,20.0
Andros Townsend,M,27,CrystalPalace,38,3161,31.6,1.16,1751.0,19.0,1.08,0.47,8,15.0
André Gomes,M,25,Everton,27,2094,37.0,1.33,1697.0,-21.0,-1.2,-0.25,19,28.0
André Schürrle,F,28,Fulham,24,1697,8.3,0.58,1573.0,-99.0,-5.91,-2.01,24,12.0
Andy Carroll,F,30,WestHam,12,502,16.7,0.92,1658.0,-29.0,-1.74,-0.61,23,8.0
Angelo Ogbonna,D,30,WestHam,24,1991,29.2,1.08,1665.0,-19.0,-1.13,-0.23,21,8.0
Angus Gunn,G,23,Southampton,12,1143,33.3,1.33,1722.0,9.0,0.51,0.55,5,10.0
Anthony Knockaert,F,27,Brighton,30,1947,26.7,0.93,1606.0,-53.0,-3.18,-0.87,19,8.0
Anthony Martial,M,23,ManUnited,27,1712,40.7,1.56,1841.0,80.0,4.56,1.86,3,60.0
Antonio Barreca,D,23,Newcastle,1,9,0.0,1.0,1713.0,0.0,0.0,0.41,10,7.0
Antonio Rüdiger,D,26,Chelsea,33,3035,54.5,1.88,1821.0,22.0,1.23,0.57,15,50.0
Antonio Valencia,D,33,ManUnited,6,497,50.0,1.83,1806.0,36.0,2.05,1.68,11,5.0
Aron Gunnarsson,M,30,Cardiff,28,2377,32.1,1.07,1635.0,-44.0,-2.62,-0.72,12,2.5
Arthur Masuaku,D,25,WestHam,23,1864,43.5,1.52,1775.0,91.0,5.38,2.28,5,7.0
Artur Boruc,G,39,Bournemouth,12,1142,33.3,1.25,1738.0,16.0,0.94,0.76,3,1.0
Ashley Barnes,F,29,Burnley,37,2527,29.7,1.22,1738.0,31.0,1.79,0.69,3,10.0
Ashley Westwood,M,29,Burnley,34,2994,32.4,1.18,1729.0,17.0,0.99,0.47,5,7.0
Ashley Young,D,33,ManUnited,30,2733,46.7,1.67,1802.0,20.0,1.14,0.57,13,5.0
Asmir Begović,G,31,Bournemouth,24,2294,33.3,1.12,1641.0,-71.0,-4.17,-1.39,24,7.0
Aymeric Laporte,D,24,ManCity,35,3213,80.0,2.49,2004.0,185.0,10.18,3.48,6,75.0
Ayoze Pérez,M,25,Newcastle,37,3046,37.8,1.35,1800.0,118.0,7.0,2.2,2,20.0
Bakary Sako,F,31,CrystalPalace,4,46,0.0,0.5,1685.0,-36.0,-2.11,-1.09,24,4.0
Ben Chilwell,D,22,Leicester,36,3430,41.7,1.44,1778.0,79.0,4.67,1.55,4,35.0
Ben Davies,D,26,Tottenham,27,1965,48.1,1.59,1799.0,-33.0,-1.78,-0.5,22,25.0
Ben Foster,G,36,Watford,38,3607,36.8,1.32,1747.0,48.0,2.8,0.97,2,3.0
Ben Gibson,D,25,Burnley,1,63,0.0,0.0,1675.0,0.0,0.0,0.41,11,10.0
Ben Hamer,G,31,Huddersfield,7,583,0.0,0.14,1578.0,-61.0,-3.7,-1.88,15,0.5
Ben Mee,D,29,Burnley,38,3623,28.9,1.05,1687.0,-23.0,-1.34,-0.24,9,10.0
Ben Wilmot,M,19,Watford,2,36,0.0,0.5,1682.0,-12.0,-0.71,-0.14,16,1.5
Benjamin Mendy,D,24,ManCity,10,944,80.0,2.6,1930.0,76.0,4.11,2.76,16,35.0
Beram Kayal,M,31,Brighton,18,1010,16.7,0.89,1661.0,-2.0,-0.14,0.18,4,1.5
Bernard,F,26,Everton,34,2201,38.2,1.53,1788.0,68.0,3.93,1.4,5,20.0
Bernardo,D,23,Brighton,22,1850,22.7,1.05,1659.0,-10.0,-0.6,-0.03,5,9.0
Bernardo Silva,F,24,ManCity,36,3004,75.0,2.36,2030.0,179.0,9.7,3.31,3,100.0
Bernd Leno,G,27,Arsenal,32,3004,53.1,1.81,1866.0,67.0,3.73,1.44,4,30.0
Bobby Reid,F,26,Cardiff,27,1518,25.9,1.04,1682.0,18.0,1.11,0.56,3,10.0
Bruno,D,38,Brighton,14,1180,28.6,1.21,1662.0,-16.0,-0.95,-0.2,3,0.75
Bruno Ecuele Manga,D,30,Cardiff,38,3574,26.3,0.92,1623.0,-39.0,-2.33,-0.51,16,3.0
Callum Hudson-Odoi,F,18,Chelsea,10,422,50.0,1.9,1825.0,17.0,0.94,0.84,14,35.0
Callum Paterson,F,24,Cardiff,27,2119,25.9,0.96,1612.0,-51.0,-3.08,-0.88,20,5.0
Callum Wilson,F,27,Bournemouth,30,2668,40.0,1.37,1740.0,0.0,0.02,0.18,2,30.0
Calum Chambers,M,24,Fulham,31,2740,22.6,0.87,1619.0,-58.0,-3.48,-0.95,14,14.0
Carl Jenkinson,D,27,Arsenal,3,176,66.7,2.0,1786.0,-19.0,-1.04,-0.42,20,2.0
Carlos Sánchez,M,33,WestHam,7,274,0.0,0.71,1659.0,-38.0,-2.24,-1.05,22,1.5
Cenk Tosun,F,27,Everton,25,1160,28.0,1.4,1712.0,-2.0,-0.12,0.15,18,18.0
Cesc Fàbregas,M,31,Chelsea,6,207,16.7,1.17,1798.0,-27.0,-1.5,-0.68,20,15.0
Charlie Austin,F,29,Southampton,25,1053,16.0,0.92,1639.0,-54.0,-3.18,-0.99,27,8.0
Charlie Daniels,D,32,Bournemouth,21,1681,33.3,1.24,1686.0,-27.0,-1.57,-0.43,19,3.0
Charlie Taylor,D,25,Burnley,38,3443,28.9,1.08,1674.0,-39.0,-2.3,-0.51,12,7.0
Cheikhou Kouyaté,M,29,CrystalPalace,31,2021,29.0,1.16,1692.0,-19.0,-1.08,-0.2,22,10.0
Chris Löwe,D,30,Huddersfield,29,2174,10.3,0.45,1497.0,-128.0,-7.9,-2.39,30,2.0
Chris Mepham,D,21,Bournemouth,13,901,15.4,0.92,1676.0,-40.0,-2.33,-0.92,21,13.0
Chris Smalling,D,29,ManUnited,24,2260,45.8,1.58,1782.0,11.0,0.62,0.44,19,20.0
Chris Wood,F,27,Burnley,38,2713,26.3,1.0,1691.0,-17.0,-1.01,-0.14,7,18.0
Christian Atsu,M,27,Newcastle,28,1604,21.4,1.21,1699.0,2.0,0.14,0.22,15,6.0
Christian Benteke,F,28,CrystalPalace,16,869,31.2,1.19,1698.0,-28.0,-1.63,-0.52,20,15.0
Christian Eriksen,F,27,Tottenham,35,2936,48.6,1.6,1823.0,-8.0,-0.46,0.02,11,100.0
Christian Fuchs,D,32,Leicester,3,221,33.3,1.0,1694.0,-11.0,-0.62,-0.09,21,3.0
Christian Kabasele,D,28,Watford,21,1684,28.6,1.14,1669.0,-22.0,-1.28,-0.31,19,8.0
Christopher Schindler,D,29,Huddersfield,37,3439,8.1,0.46,1512.0,-115.0,-7.06,-1.84,29,7.0
Ciaran Clark,D,29,Newcastle,11,912,18.2,0.73,1694.0,12.0,0.71,0.66,17,6.0
Collin Quaner,F,27,Huddersfield,2,47,0.0,0.5,1636.0,-8.0,-0.49,0.04,5,1.5
Connor Wickham,F,26,CrystalPalace,6,96,16.7,1.33,1716.0,13.0,0.77,0.82,16,3.0
Conor Coady,D,26,Wolves,38,3628,42.1,1.5,1743.0,62.0,3.66,1.21,9,10.0
Craig Cathcart,D,30,Watford,36,3252,38.9,1.36,1727.0,18.0,1.04,0.47,5,5.0
Cyrus Christie,D,26,Fulham,28,2063,17.9,0.82,1611.0,-61.0,-3.62,-1.07,15,3.5
Cédric Soares,D,27,Southampton,18,1589,11.1,0.72,1647.0,-40.0,-2.35,-0.8,24,12.0
César Azpilicueta,D,29,Chelsea,38,3600,55.3,1.89,1862.0,62.0,3.43,1.21,4,35.0
Dale Stephens,M,29,Brighton,30,2622,20.0,0.93,1626.0,-36.0,-2.18,-0.53,15,6.0
Dan Gosling,M,29,Bournemouth,25,1855,36.0,1.32,1703.0,-17.0,-0.99,-0.18,15,3.5
Daniel Amartey,D,23,Leicester,9,685,33.3,1.33,1720.0,18.0,1.08,0.9,15,7.0
Daniel Sturridge,F,29,Liverpool,18,575,44.4,1.83,1849.0,56.0,3.14,1.67,20,15.0
Danilo,D,27,ManCity,11,849,63.6,2.09,1905.0,19.0,1.01,0.88,18,20.0
Danny Ings,F,26,Southampton,24,1702,33.3,1.38,1704.0,11.0,0.63,0.44,7,15.0
Danny Rose,D,28,Tottenham,26,1902,57.7,1.92,1831.0,11.0,0.62,0.43,7,25.0
Danny Simpson,D,32,Leicester,6,310,33.3,1.33,1729.0,12.0,0.68,0.78,12,3.5
Danny Ward,F,27,Cardiff,14,489,0.0,0.43,1565.0,-97.0,-5.83,-2.53,25,8.0
Danny Welbeck,F,27,Arsenal,8,182,50.0,1.75,1767.0,-3.0,-0.18,0.2,25,12.0
Danny Williams,M,30,Huddersfield,5,106,0.0,0.8,1636.0,-11.0,-0.67,-0.08,6,2.0
Daryl Janmaat,D,29,Watford,18,1598,44.4,1.56,1735.0,43.0,2.57,1.34,3,6.0
David Brooks,M,21,Bournemouth,30,2340,36.7,1.27,1724.0,12.0,0.7,0.41,6,30.0
David Button,G,29,Brighton,4,382,25.0,1.0,1702.0,-11.0,-0.64,-0.08,2,1.5
David Luiz,D,32,Chelsea,36,3423,55.6,1.92,1873.0,84.0,4.72,1.64,2,20.0
David Silva,M,33,ManCity,33,2499,75.8,2.42,2018.0,155.0,8.33,3.05,4,20.0
David de Gea,G,28,ManUnited,38,3637,50.0,1.74,1831.0,18.0,0.97,0.46,6,65.0
Davide Zappacosta,D,26,Chelsea,4,142,25.0,1.5,1799.0,4.0,0.25,0.52,19,15.0
Davinson Sánchez,D,22,Tottenham,23,2050,47.8,1.57,1793.0,-41.0,-2.23,-0.73,25,55.0
Davy Pröpper,M,27,Brighton,30,2679,23.3,0.9,1583.0,-76.0,-4.6,-1.32,21,15.0
DeAndre Yedlin,D,25,Newcastle,29,2616,24.1,1.0,1656.0,-24.0,-1.44,-0.3,21,8.0
Declan Rice,M,20,WestHam,34,3166,41.2,1.44,1761.0,77.0,4.56,1.57,7,45.0
Dejan Lovren,D,29,Liverpool,13,1039,61.5,2.15,1922.0,68.0,3.67,2.28,13,20.0
Dele Alli,F,23,Tottenham,25,1904,52.0,1.64,1811.0,-27.0,-1.48,-0.4,19,90.0
Demarai Gray,F,22,Leicester,34,2073,35.3,1.35,1695.0,-4.0,-0.21,0.09,20,20.0
Denis Odoi,D,30,Fulham,31,2744,19.4,0.77,1593.0,-114.0,-6.7,-2.03,20,2.5
Denis Suárez,M,25,Arsenal,4,86,25.0,1.25,1779.0,-21.0,-1.15,-0.49,21,12.0
Diego Rico,D,26,Bournemouth,12,654,8.3,0.42,1610.0,-96.0,-5.61,-2.66,28,9.0
Diogo Dalot,D,20,ManUnited,16,1075,43.8,1.62,1767.0,-30.0,-1.66,-0.57,22,20.0
Diogo Jota,F,22,Wolves,33,2444,39.4,1.48,1781.0,100.0,5.92,2.03,3,35.0
Divock Origi,F,24,Liverpool,12,411,41.7,1.83,1893.0,39.0,2.08,1.46,17,20.0
Domingos Quina,M,19,Watford,8,364,50.0,1.88,1729.0,16.0,0.94,0.87,4,5.0
Dominic Calvert-Lewin,F,22,Everton,35,1954,28.6,1.31,1720.0,8.0,0.47,0.3,17,20.0
Dominic Solanke,F,21,Bournemouth,10,384,30.0,1.4,1718.0,16.0,0.93,0.81,9,18.0
Dwight McNeil,M,19,Burnley,21,1655,33.3,1.24,1758.0,79.0,4.71,2.1,1,15.0
Eddie Nketiah,F,19,Arsenal,5,85,40.0,1.6,1787.0,9.0,0.51,0.69,19,8.0
Eden Hazard,F,28,Chelsea,37,3083,54.1,1.86,1921.0,127.0,7.06,2.35,1,150.0
Ederson,G,25,ManCity,38,3597,84.2,2.58,2007.0,138.0,7.39,2.5,5,70.0
Elias Kachunga,M,27,Huddersfield,20,1248,5.0,0.35,1487.0,-166.0,-10.05,-3.85,31,3.0
Emerson Hyndman,M,23,Bournemouth,1,43,0.0,0.0,1707.0,0.0,0.0,0.41,13,1.0
Emerson Palmieri,D,24,Chelsea,10,711,30.0,1.3,1770.0,-25.0,-1.41,-0.52,22,15.0
Eric Bailly,D,25,ManUnited,12,681,33.3,1.42,1782.0,-16.0,-0.9,-0.22,20,25.0
Eric Dier,D,25,Tottenham,20,1579,50.0,1.7,1818.0,-14.0,-0.79,-0.13,16,40.0
Erik Durm,D,26,Huddersfield,28,2182,10.7,0.5,1519.0,-133.0,-8.05,-2.54,27,2.0
Fabian Delph,M,29,ManCity,11,760,63.6,2.0,1861.0,-7.0,-0.35,0.06,21,15.0
Fabian Schär,D,27,Newcastle,24,2107,50.0,1.67,1846.0,158.0,9.33,3.73,1,8.0
Fabinho,M,25,Liverpool,28,2139,71.4,2.43,1975.0,140.0,7.6,3.05,9,50.0
Fabián Balbuena,D,27,WestHam,23,2125,39.1,1.35,1775.0,87.0,5.14,2.19,6,12.0
Fabricio,G,30,Fulham,2,190,0.0,0.0,1689.0,-1.0,-0.09,0.35,1,4.0
Federico Fernández,D,30,Newcastle,19,1569,31.6,1.26,1717.0,31.0,1.87,1.0,9,7.0
Felipe Anderson,M,26,WestHam,36,3182,41.7,1.42,1791.0,102.0,6.03,1.95,2,40.0
Fernandinho,M,33,ManCity,29,2489,75.9,2.45,2001.0,137.0,7.33,2.93,8,12.0
Fernando Llorente,F,34,Tottenham,20,771,35.0,1.6,1820.0,14.0,0.75,0.56,14,3.5
Florent Hadergjonaj,D,24,Huddersfield,24,1946,8.3,0.5,1535.0,-89.0,-5.49,-1.79,24,7.0
Florian Lejeune,D,27,Newcastle,12,1115,41.7,1.5,1725.0,46.0,2.76,1.67,8,8.0
Florin Andone,F,26,Brighton,23,949,21.7,1.09,1654.0,-48.0,-2.81,-0.89,8,6.0
Floyd Ayité,F,30,Fulham,16,538,6.2,0.69,1611.0,-89.0,-5.26,-2.18,16,2.5
Fousseni Diabaté,F,23,Leicester,1,55,0.0,0.0,1708.0,0.0,0.0,0.41,16,3.0
Fraser Forster,G,31,Southampton,1,94,0.0,0.0,1690.0,0.0,0.0,0.41,12,8.0
Fred,M,26,ManUnited,17,1099,47.1,1.65,1759.0,-37.0,-2.04,-0.74,23,30.0
Gabriel Jesus,F,22,ManCity,29,1137,41.4,1.72,1887.0,39.0,2.1,0.96,20,70.0
Gary Cahill,D,33,Chelsea,2,31,0.0,1.0,1809.0,-0.0,-0.03,0.39,18,8.0
Gary Madine,M,28,Cardiff,5,59,0.0,0.6,1652.0,-10.0,-0.63,-0.04,10,4.0
Gaëtan Bong,D,30,Brighton,22,1918,18.2,0.77,1592.0,-66.0,-3.97,-1.33,20,2.0
Georges-Kévin N'Koudou,F,23,Tottenham,1,9,100.0,3.0,1830.0,0.0,0.0,0.41,8,5.0
Georginio Wijnaldum,M,28,Liverpool,35,2845,65.7,2.29,1977.0,146.0,7.98,2.78,8,50.0
Gerard Deulofeu,F,25,Watford,30,2137,40.0,1.53,1776.0,70.0,4.09,1.55,1,25.0
Glenn Murray,F,35,Brighton,38,2639,13.2,0.87,1614.0,-44.0,-2.64,-0.6,17,3.0
Gonzalo Higuaín,F,31,Chelsea,14,1124,35.7,1.43,1796.0,9.0,0.53,0.51,21,35.0
Grady Diangana,M,21,WestHam,17,654,17.6,0.88,1632.0,-71.0,-4.15,-1.64,26,5.0
Granit Xhaka,M,26,Arsenal,29,2635,55.2,1.9,1885.0,135.0,7.69,2.89,3,45.0
Greg Cunningham,D,27,Cardiff,7,667,28.6,0.86,1634.0,-25.0,-1.48,-0.58,15,3.0
Gylfi Sigurðsson,F,29,Everton,38,3260,42.1,1.53,1881.0,157.0,9.09,2.82,1,35.0
Hamza Choudhury,M,21,Leicester,9,626,33.3,1.44,1765.0,19.0,1.08,0.94,7,5.0
Harry Arter,M,29,Cardiff,25,2079,24.0,0.92,1600.0,-74.0,-4.41,-1.42,22,7.0
Harry Kane,F,25,Tottenham,28,2554,57.1,1.79,1891.0,62.0,3.39,1.45,1,150.0
Harry Maguire,D,26,Leicester,31,2749,32.3,1.16,1737.0,39.0,2.28,0.93,10,50.0
Harry Winks,M,23,Tottenham,26,1704,50.0,1.81,1827.0,32.0,1.76,0.87,10,25.0
Harvey Barnes,M,21,Leicester,16,1049,43.8,1.5,1728.0,-16.0,-0.94,-0.19,13,12.0
Henrikh Mkhitaryan,F,30,Arsenal,25,1735,40.0,1.44,1788.0,54.0,3.13,1.37,18,25.0
Hugo Lloris,G,32,Tottenham,33,3138,63.6,1.97,1879.0,48.0,2.6,1.06,3,25.0
Håvard Nordtveit,M,28,Fulham,5,388,0.0,0.2,1632.0,-37.0,-2.2,-1.09,11,4.0
Héctor Bellerín,D,23,Arsenal,19,1621,57.9,1.95,1842.0,85.0,4.86,2.36,7,40.0
Hélder Costa,F,25,Wolves,25,1406,24.0,1.16,1644.0,-19.0,-1.14,-0.22,20,15.0
Ibrahima Cissé,M,24,Fulham,3,96,0.0,0.0,1647.0,-26.0,-1.55,-0.72,6,1.5
Idrissa Gana Gueye,M,29,Everton,33,2996,42.4,1.45,1782.0,70.0,4.09,1.47,8,25.0
Isaac Hayden,D,24,Newcastle,25,1964,40.0,1.44,1762.0,64.0,3.78,1.59,4,8.0
Isaac Mbenza,F,23,Huddersfield,22,1057,4.5,0.64,1564.0,-86.0,-5.22,-1.8,20,5.0
Isaac Success,F,23,Watford,30,1153,23.3,1.2,1666.0,-17.0,-1.0,-0.16,20,5.0
Issa Diop,D,22,WestHam,33,3132,45.5,1.55,1789.0,113.0,6.73,2.27,3,35.0
Ivan Cavaleiro,F,25,Wolves,23,778,30.4,1.3,1694.0,-21.0,-1.24,-0.28,18,10.0
Jack Cork,M,29,Burnley,37,3505,29.7,1.08,1638.0,-71.0,-4.14,-1.07,16,15.0
Jack Simpson,D,22,Bournemouth,6,427,33.3,1.17,1704.0,-4.0,-0.21,0.18,14,1.5
Jack Stephens,D,25,Southampton,24,1811,8.3,0.79,1641.0,-46.0,-2.71,-0.83,25,8.0
Jack Wilshere,M,27,WestHam,8,422,37.5,1.25,1693.0,6.0,0.34,0.52,19,10.0
Jacob Murphy,M,23,Newcastle,9,331,0.0,0.56,1644.0,-54.0,-3.18,-1.51,22,6.0
Jamaal Lascelles,D,25,Newcastle,32,2911,25.0,1.03,1706.0,24.0,1.45,0.62,12,15.0
James Maddison,M,22,Leicester,36,2939,30.6,1.17,1737.0,37.0,2.18,0.81,11,40.0
James McArthur,M,31,CrystalPalace,38,3199,34.2,1.24,1744.0,17.0,1.01,0.44,10,7.0
James McCarthy,M,28,Everton,1,19,0.0,1.0,1740.0,0.0,0.0,0.41,13,5.0
James Milner,M,33,Liverpool,31,1895,58.1,2.1,1943.0,107.0,5.84,2.24,11,15.0
James Tarkowski,D,26,Burnley,35,3271,28.6,1.06,1734.0,22.0,1.28,0.55,4,18.0
James Tomkins,D,30,CrystalPalace,29,2704,31.0,1.17,1726.0,-6.0,-0.34,0.06,14,8.0
James Ward-Prowse,M,24,Southampton,26,2068,23.1,1.0,1726.0,47.0,2.8,1.2,4,18.0
Jamie Vardy,F,32,Leicester,34,2854,47.1,1.62,1849.0,136.0,7.97,2.65,1,20.0
Jan Bednarek,D,23,Southampton,25,2277,32.0,1.24,1739.0,33.0,1.94,0.92,2,15.0
Jan Vertonghen,D,31,Tottenham,22,2011,54.5,1.68,1813.0,-40.0,-2.15,-0.73,17,28.0
Jannik Vestergaard,D,26,Southampton,23,2140,34.8,1.26,1745.0,52.0,3.08,1.39,1,20.0
Jason Puncheon,M,32,Huddersfield,15,540,0.0,0.6,1582.0,-55.0,-3.34,-1.29,12,3.0
Javier Hernández,F,30,WestHam,25,1400,44.0,1.48,1728.0,42.0,2.47,1.11,10,12.0
Javier Manquillo,D,24,Newcastle,18,1190,27.8,1.22,1702.0,8.0,0.48,0.44,14,5.0
Jazz Richards,D,28,Cardiff,4,147,25.0,1.0,1663.0,-2.0,-0.11,0.28,7,0.75
Jean Seri,F,27,Fulham,32,2348,15.6,0.75,1593.0,-83.0,-4.95,-1.4,21,25.0
Jeff Hendrick,M,27,Burnley,32,2171,15.6,0.84,1613.0,-95.0,-5.58,-1.63,23,10.0
Jefferson Lerma,M,24,Bournemouth,30,2641,33.3,1.2,1692.0,-12.0,-0.71,-0.06,18,25.0
Jeffrey Schlupp,M,26,CrystalPalace,30,1790,26.7,1.1,1697.0,-42.0,-2.4,-0.65,21,10.0
Jermain Defoe,F,36,Bournemouth,4,37,0.0,0.75,1677.0,-25.0,-1.48,-0.65,20,2.0
Jesse Lingard,F,26,ManUnited,27,1742,48.1,1.74,1813.0,3.0,0.18,0.25,10,40.0
Joe Bennett,D,29,Cardiff,30,2786,23.3,0.83,1601.0,-61.0,-3.68,-1.03,21,3.0
Joe Bryan,D,25,Fulham,28,2462,21.4,0.75,1581.0,-97.0,-5.79,-1.81,22,6.0
Joe Gomez,D,21,Liverpool,16,1130,50.0,2.0,1898.0,65.0,3.54,2.01,16,35.0
Joe Hart,G,31,Burnley,19,1811,15.8,0.63,1637.0,-75.0,-4.39,-1.66,17,6.0
Joe Ralls,M,25,Cardiff,28,2074,14.3,0.71,1591.0,-71.0,-4.27,-1.27,24,5.0
Joel Coleman,G,23,Huddersfield,1,94,0.0,1.0,1639.0,0.0,0.0,0.41,3,0.5
Joel Ward,D,29,CrystalPalace,7,592,57.1,1.71,1768.0,66.0,3.9,2.7,7,4.0
John Ruddy,G,32,Wolves,1,94,100.0,3.0,1723.0,0.0,0.0,0.41,15,3.0
John Stones,M,24,ManCity,24,1867,66.7,2.17,1919.0,76.0,4.14,1.9,17,60.0
Jon Gorenc Stanković,D,23,Huddersfield,11,739,0.0,0.45,1590.0,-53.0,-3.21,-1.39,11,1.5
Jonas Lössl,G,30,Huddersfield,31,2937,9.7,0.48,1563.0,-76.0,-4.62,-1.3,21,5.0
Jonathan Hogg,M,30,Huddersfield,29,2479,10.3,0.59,1548.0,-75.0,-4.61,-1.33,22,3.5
Jonjo Shelvey,M,27,Newcastle,16,1022,25.0,1.0,1695.0,14.0,0.84,0.62,16,15.0
Jonjoe Kenny,D,21,Everton,10,842,20.0,0.7,1642.0,-51.0,-3.03,-1.37,22,5.0
Jonny Castro,D,25,Wolves,33,2918,39.4,1.39,1735.0,73.0,4.39,1.52,10,20.0
Jonny Evans,D,31,Leicester,24,2106,45.8,1.62,1794.0,69.0,3.97,1.74,2,10.0
Jordan Ayew,F,27,CrystalPalace,20,1232,35.0,1.4,1734.0,51.0,3.02,1.47,12,8.0
Jordan Henderson,M,28,Liverpool,32,2103,59.4,2.09,1918.0,91.0,5.0,1.89,14,35.0
Jordan Pickford,G,25,Everton,38,3643,39.5,1.42,1784.0,72.0,4.23,1.38,7,40.0
Jordon Ibe,M,23,Bournemouth,19,866,10.5,0.74,1641.0,-88.0,-5.11,-1.99,25,8.0
Jorginho,M,27,Chelsea,37,3310,54.1,1.84,1840.0,24.0,1.31,0.57,8,65.0
Joselu,M,28,Newcastle,16,667,0.0,0.5,1602.0,-84.0,-5.01,-2.04,24,4.0
Josh Murphy,M,24,Cardiff,29,1898,20.7,0.9,1635.0,-28.0,-1.69,-0.38,13,10.0
Josh Sims,F,22,Southampton,7,234,28.6,1.14,1697.0,-34.0,-1.97,-0.9,10,2.0
Joshua King,F,27,Bournemouth,35,3100,31.4,1.17,1723.0,12.0,0.72,0.37,7,20.0
José Holebas,D,34,Watford,28,2526,39.3,1.39,1719.0,20.0,1.17,0.59,9,2.0
José Izquierdo,M,26,Brighton,15,847,33.3,1.4,1652.0,-27.0,-1.59,-0.51,9,10.0
João Moutinho,M,32,Wolves,38,3194,39.5,1.47,1773.0,91.0,5.41,1.7,6,10.0
Joël Matip,D,27,Liverpool,22,1630,59.1,2.14,1957.0,124.0,6.77,3.11,10,30.0
Juan Foyth,D,21,Tottenham,12,938,50.0,1.75,1847.0,14.0,0.78,0.7,6,15.0
Juan Mata,F,31,ManUnited,22,1354,36.4,1.59,1804.0,-11.0,-0.59,-0.05,12,20.0
Julián Speroni,G,39,CrystalPalace,1,97,0.0,0.0,1708.0,0.0,0.0,0.41,19,0.25
Juninho Bacuna,M,21,Huddersfield,21,1493,9.5,0.43,1548.0,-84.0,-5.14,-1.8,23,3.5
Junior Hoilett,M,28,Cardiff,32,2260,18.8,0.84,1614.0,-47.0,-2.8,-0.72,19,4.5
Junior Stanislas,D,29,Bournemouth,23,1105,21.7,1.09,1668.0,-24.0,-1.43,-0.34,22,4.5
Jóhann Berg Guðmundsson,M,28,Burnley,29,1872,24.1,1.07,1659.0,-49.0,-2.89,-0.81,15,10.0
Jürgen Locadia,F,25,Brighton,26,1327,19.2,1.04,1643.0,-20.0,-1.21,-0.24,11,12.0
Kadeem Harris,F,25,Cardiff,13,432,38.5,1.54,1702.0,32.0,1.89,1.21,1,0.75
Karlan Grant,F,21,Huddersfield,13,934,23.1,0.92,1620.0,-7.0,-0.42,0.06,9,5.0
Kasper Schmeichel,G,32,Leicester,38,3620,39.5,1.37,1739.0,38.0,2.26,0.8,9,12.0
Kelechi Iheanacho,F,22,Leicester,30,1047,20.0,1.2,1690.0,-9.0,-0.5,-0.0,23,12.0
Ken Sema,F,25,Watford,17,792,23.5,1.29,1700.0,17.0,1.01,0.69,13,3.5
Kenedy,D,23,Newcastle,25,1439,32.0,1.2,1677.0,-9.0,-0.53,-0.0,19,10.0
Kenneth Zohore,F,25,Cardiff,19,818,10.5,0.68,1599.0,-74.0,-4.43,-1.64,23,7.0
Kepa Arrizabalaga,G,24,Chelsea,36,3433,55.6,1.89,1829.0,45.0,2.5,0.95,11,60.0
Kevin De Bruyne,F,27,ManCity,19,1032,73.7,2.47,1974.0,113.0,6.08,3.06,13,130.0
Kevin Long,D,28,Burnley,6,544,16.7,0.67,1674.0,-48.0,-2.77,-1.46,13,2.5
Kevin McDonald,M,30,Fulham,15,887,6.7,0.47,1551.0,-121.0,-7.23,-3.13,28,3.0
Ki Sung-yueng,M,30,Newcastle,18,1381,33.3,1.22,1667.0,-14.0,-0.84,-0.13,20,6.0
Kieran Trippier,D,28,Tottenham,27,2403,63.0,1.96,1860.0,24.0,1.32,0.69,5,35.0
Kiko Femenía,D,28,Watford,29,2175,27.6,1.14,1652.0,-22.0,-1.32,-0.26,24,5.0
Konstantinos Mavropanos,D,21,Arsenal,4,154,25.0,1.25,1775.0,-13.0,-0.75,-0.17,22,3.0
Kurt Zouma,D,24,Everton,32,2788,34.4,1.25,1737.0,17.0,0.98,0.49,14,25.0
Kyle Walker,D,28,ManCity,33,2929,78.8,2.48,1995.0,129.0,6.92,2.56,9,50.0
Kyle Walker-Peters,D,22,Tottenham,6,399,50.0,1.83,1821.0,10.0,0.54,0.71,13,3.5
Laurent Depoitre,F,30,Huddersfield,23,1155,4.3,0.48,1516.0,-112.0,-6.86,-2.36,28,3.5
Laurent Koscielny,D,33,Arsenal,17,1409,41.2,1.41,1838.0,50.0,2.78,1.56,8,8.0
Lazar Marković,M,24,Fulham,1,48,0.0,0.0,1666.0,0.0,0.0,0.41,4,4.0
Leander Dendoncker,M,24,Wolves,19,1546,42.1,1.42,1758.0,70.0,4.16,1.98,7,18.0
Leandro Bacuna,M,27,Cardiff,11,609,18.2,0.91,1635.0,-44.0,-2.6,-1.1,14,3.0
Lee Peltier,D,32,Cardiff,20,1644,35.0,1.15,1673.0,13.0,0.78,0.54,5,1.5
Leighton Baines,D,34,Everton,6,407,33.3,1.67,1734.0,22.0,1.26,1.15,15,3.5
Leon Balogun,D,30,Brighton,8,632,12.5,0.75,1655.0,-47.0,-2.74,-1.32,7,2.0
Leroy Sané,F,23,ManCity,31,1963,64.5,2.16,1968.0,120.0,6.48,2.49,14,100.0
Lewis Cook,M,21,Bournemouth,13,785,38.5,1.54,1723.0,15.0,0.86,0.71,8,20.0
Lewis Dunk,D,27,Brighton,36,3325,22.2,0.92,1650.0,-11.0,-0.63,-0.04,10,12.0
Loïc Damour,M,27,Cardiff,2,30,50.0,1.5,1670.0,-7.0,-0.43,0.08,6,0.75
Lucas Digne,D,25,Everton,35,3144,37.1,1.37,1820.0,107.0,6.25,2.08,2,30.0
Lucas Moura,F,26,Tottenham,32,2221,46.9,1.72,1830.0,38.0,2.12,0.89,9,40.0
Lucas Pérez,F,30,WestHam,15,526,20.0,1.07,1656.0,-41.0,-2.42,-0.9,24,4.0
Lucas Torreira,M,23,Arsenal,34,2532,50.0,1.79,1803.0,40.0,2.27,0.89,14,55.0
Luciano Vietto,F,25,Fulham,20,1049,20.0,0.95,1633.0,-40.0,-2.39,-0.76,10,7.0
Luka Milivojević,M,28,CrystalPalace,38,3629,36.8,1.29,1843.0,116.0,6.71,2.12,1,20.0
Luke Amos,M,21,Tottenham,1,8,0.0,1.0,1799.0,0.0,0.0,0.41,23,0.1
Luke Shaw,D,23,ManUnited,29,2755,51.7,1.79,1837.0,38.0,2.13,0.94,4,30.0
Lys Mousset,F,23,Bournemouth,24,461,4.2,0.75,1624.0,-83.0,-4.85,-1.65,27,3.5
Léo Bonatini,F,24,Wolves,7,165,42.9,1.86,1729.0,34.0,1.99,1.54,14,4.0
Mamadou Sakho,D,29,CrystalPalace,27,2560,29.6,1.11,1709.0,-19.0,-1.12,-0.21,18,15.0
Manolo Gabbiadini,F,27,Southampton,12,526,0.0,0.58,1613.0,-81.0,-4.78,-2.2,29,12.0
Manuel Lanzini,M,26,WestHam,10,714,50.0,1.6,1719.0,3.0,0.16,0.39,12,20.0
Marc Albrighton,M,29,Leicester,27,1714,33.3,1.37,1761.0,41.0,2.37,1.04,8,10.0
Marc Navarro,F,23,Watford,2,86,0.0,0.0,1665.0,-29.0,-1.74,-0.88,21,2.0
Marcos Alonso,D,28,Chelsea,31,2917,58.1,1.97,1865.0,68.0,3.78,1.49,3,40.0
Marcos Rojo,D,29,ManUnited,5,228,0.0,0.8,1743.0,-40.0,-2.22,-1.21,26,12.0
Marcus Bettinelli,G,26,Fulham,7,664,14.3,0.71,1643.0,-61.0,-3.6,-1.88,7,4.0
Marcus Rashford,F,21,ManUnited,33,2446,51.5,1.82,1834.0,22.0,1.23,0.57,5,80.0
Mario Lemina,M,25,Southampton,21,1704,9.5,0.62,1581.0,-105.0,-6.21,-2.3,30,15.0
Mark Noble,M,32,WestHam,31,2365,48.4,1.58,1787.0,106.0,6.28,2.22,4,7.0
Mark Travers,G,19,Bournemouth,2,193,50.0,1.5,1732.0,-14.0,-0.8,-0.22,4,0.25
Marko Arnautović,F,30,WestHam,28,2066,32.1,1.18,1714.0,32.0,1.89,0.84,16,35.0
Marouane Fellaini,M,31,ManUnited,14,820,35.7,1.36,1751.0,5.0,0.26,0.4,24,12.0
Martin Dúbravka,G,30,Newcastle,38,3629,31.6,1.18,1732.0,42.0,2.46,0.87,5,7.0
Martin Kelly,D,29,CrystalPalace,13,1184,38.5,1.31,1746.0,45.0,2.65,1.6,9,3.0
Martín Montoya,D,28,Brighton,25,2295,20.0,0.84,1613.0,-84.0,-4.94,-1.64,18,8.0
Mason Holgate,D,21,Everton,5,444,20.0,1.0,1681.0,-14.0,-0.83,-0.2,20,7.0
Mateo Kovačić,M,25,Chelsea,32,1809,50.0,1.81,1810.0,20.0,1.1,0.55,16,35.0
Mathew Ryan,G,27,Brighton,34,3229,23.5,0.94,1627.0,-35.0,-2.11,-0.48,13,10.0
Mathias Jørgensen,D,28,Huddersfield,24,2269,4.2,0.33,1528.0,-99.0,-6.11,-2.01,25,5.0
Matt Doherty,D,27,Wolves,38,3324,36.8,1.37,1780.0,98.0,5.83,1.82,4,15.0
Matt Ritchie,D,29,Newcastle,36,3065,27.8,1.08,1729.0,45.0,2.7,0.95,6,12.0
Matt Targett,D,23,Southampton,16,1256,31.2,1.12,1679.0,-35.0,-2.02,-0.71,20,7.0
Matteo Darmian,D,29,ManUnited,6,466,16.7,1.0,1745.0,-37.0,-2.07,-1.05,25,10.0
Matthew Lowton,D,29,Burnley,21,1862,23.8,0.9,1637.0,-72.0,-4.2,-1.51,18,5.0
Mattéo Guendouzi,M,20,Arsenal,33,2296,45.5,1.67,1772.0,31.0,1.8,0.74,23,35.0
Matěj Vydra,F,27,Burnley,13,367,15.4,1.0,1679.0,-21.0,-1.24,-0.36,10,8.0
Max Meyer,M,23,CrystalPalace,29,1520,31.0,1.38,1730.0,28.0,1.64,0.74,13,15.0
Maxime Le Marchand,D,29,Fulham,26,2376,26.9,0.88,1631.0,-43.0,-2.58,-0.73,12,5.0
Maya Yoshida,D,30,Southampton,17,1600,35.3,1.29,1733.0,65.0,3.9,1.96,3,7.0
Mesut Özil,F,30,Arsenal,24,1812,45.8,1.62,1797.0,47.0,2.69,1.25,15,25.0
Michael Keane,D,26,Everton,33,3151,42.4,1.48,1812.0,100.0,5.82,2.03,3,30.0
Michael Obafemi,F,18,Southampton,6,155,16.7,1.17,1712.0,22.0,1.28,1.15,6,1.0
Michail Antonio,M,29,WestHam,33,2230,36.4,1.42,1745.0,62.0,3.68,1.32,9,15.0
Michel Vorm,G,34,Tottenham,2,192,0.0,0.0,1785.0,-2.0,-0.1,0.3,26,1.0
Michy Batshuayi,F,25,CrystalPalace,11,774,54.5,1.82,1782.0,57.0,3.32,2.07,5,30.0
Miguel Almirón,M,25,Newcastle,10,792,50.0,1.5,1706.0,7.0,0.4,0.52,13,20.0
Miguel Britos,D,33,Watford,3,195,0.0,0.33,1692.0,-16.0,-0.94,-0.3,14,2.0
Mohamed Diamé,M,31,Newcastle,29,2298,20.7,0.97,1637.0,-44.0,-2.6,-0.71,23,5.0
Mohamed Elneny,M,26,Arsenal,8,404,37.5,1.38,1748.0,-40.0,-2.22,-1.08,27,8.0
Mohamed Elyounoussi,M,24,Southampton,16,845,25.0,1.31,1687.0,-6.0,-0.37,0.08,16,15.0
Mohamed Salah,F,26,Liverpool,38,3392,73.7,2.42,2062.0,225.0,12.27,3.98,1,150.0
Morgan Gibbs-White,M,19,Wolves,26,756,23.1,1.12,1644.0,-39.0,-2.34,-0.64,21,8.0
Morgan Schneiderlin,M,29,Everton,14,884,35.7,1.57,1785.0,73.0,4.28,2.36,6,15.0
Mousa Dembélé,M,31,Tottenham,10,543,40.0,1.5,1808.0,-10.0,-0.54,-0.04,20,12.0
Moussa Sissoko,M,29,Tottenham,29,2443,51.7,1.72,1774.0,-37.0,-2.06,-0.56,27,25.0
N'Golo Kanté,M,28,Chelsea,36,3264,52.8,1.83,1835.0,28.0,1.53,0.65,9,100.0
Naby Keïta,M,24,Liverpool,25,1455,56.0,2.12,1916.0,102.0,5.65,2.42,15,60.0
Nacho Monreal,D,33,Arsenal,22,1969,68.2,2.14,1855.0,107.0,6.1,2.71,5,8.0
Nampalys Mendy,M,26,Leicester,31,2225,41.9,1.45,1691.0,-35.0,-2.02,-0.5,22,8.0
Nathan Aké,M,24,Bournemouth,38,3616,34.2,1.18,1712.0,-7.0,-0.38,0.03,12,30.0
Nathan Redmond,F,25,Southampton,38,3443,23.7,1.05,1688.0,2.0,0.11,0.19,14,20.0
Nathaniel Chalobah,M,24,Watford,9,304,0.0,0.56,1641.0,-66.0,-3.87,-1.92,25,7.0
Nathaniel Clyne,D,28,Bournemouth,20,1430,35.0,1.3,1667.0,-27.0,-1.58,-0.44,23,12.0
Nathaniel Mendez-Laing,M,27,Cardiff,20,1048,15.0,0.85,1691.0,29.0,1.71,0.93,2,3.0
Neeskens Kebano,F,27,Fulham,7,130,0.0,0.57,1641.0,-36.0,-2.17,-0.98,8,3.0
Neil Etheridge,G,29,Cardiff,38,3621,26.3,0.89,1675.0,7.0,0.42,0.27,4,8.0
Nemanja Matić,M,30,ManUnited,28,2575,57.1,1.93,1829.0,59.0,3.32,1.39,7,30.0
Nicolás Otamendi,D,31,ManCity,18,1312,72.2,2.33,1938.0,71.0,3.79,2.06,15,25.0
Oleksandr Zinchenko,D,22,ManCity,14,1209,92.9,2.86,1993.0,153.0,8.3,4.66,10,20.0
Oliver Skipp,M,18,Tottenham,8,239,25.0,1.38,1803.0,7.0,0.41,0.55,21,5.0
Olivier Giroud,F,32,Chelsea,27,952,51.9,1.96,1845.0,65.0,3.65,1.55,6,15.0
Oriol Romeu,M,27,Southampton,31,2257,32.3,1.19,1688.0,2.0,0.14,0.21,15,10.0
Oumar Niasse,F,29,Cardiff,24,1356,25.0,1.17,1654.0,-4.0,-0.24,0.11,8,6.0
Pablo Zabaleta,D,34,WestHam,26,2209,38.5,1.42,1714.0,38.0,2.29,1.0,17,3.5
Pape Souaré,D,28,CrystalPalace,1,4,0.0,1.0,1713.0,0.0,0.0,0.41,17,2.0
Pascal Groß,M,27,Brighton,25,1922,16.0,0.8,1626.0,-33.0,-1.96,-0.53,16,10.0
Patrick van Aanholt,D,28,CrystalPalace,36,3381,33.3,1.22,1720.0,-16.0,-0.92,-0.13,15,10.0
Paul Dummett,D,27,Newcastle,26,2124,23.1,1.08,1712.0,26.0,1.54,0.75,11,5.0
Paul Pogba,M,26,ManUnited,35,3190,51.4,1.8,1868.0,44.0,2.43,0.95,1,100.0
Paulo Gazzaniga,G,27,Tottenham,3,284,66.7,2.0,1819.0,8.0,0.42,0.71,15,2.0
Pedro,F,31,Chelsea,31,1883,51.6,1.81,1849.0,53.0,2.93,1.2,5,20.0
Pedro Obiang,M,27,WestHam,24,1211,20.8,1.0,1655.0,-7.0,-0.4,0.04,25,7.0
Peter Crouch,F,38,Burnley,6,119,33.3,1.33,1688.0,-32.0,-1.83,-0.86,8,1.0
Petr Čech,G,36,Arsenal,7,616,57.1,1.86,1818.0,54.0,3.09,2.26,13,2.5
Phil Bardsley,D,33,Burnley,19,1761,31.6,1.16,1692.0,12.0,0.69,0.53,6,1.5
Phil Foden,M,18,ManCity,13,371,53.8,2.08,1893.0,70.0,3.84,2.34,19,25.0
Phil Jagielka,D,36,Everton,7,364,42.9,1.71,1755.0,30.0,1.76,1.4,10,1.0
Phil Jones,D,27,ManUnited,18,1346,50.0,1.78,1800.0,29.0,1.67,0.98,16,20.0
Philip Billing,F,22,Huddersfield,27,2299,11.1,0.56,1575.0,-81.0,-4.9,-1.51,16,7.0
Pierre Højbjerg,M,23,Southampton,31,2910,25.8,1.06,1681.0,-3.0,-0.17,0.11,17,15.0
Pierre-Emerick Aubameyang,F,29,Arsenal,36,2870,52.8,1.78,1902.0,165.0,9.48,3.06,1,70.0
Rachid Ghezzal,M,26,Leicester,19,803,10.5,0.84,1631.0,-83.0,-4.82,-1.86,25,8.0
Raheem Sterling,M,24,ManCity,34,2895,82.4,2.53,2044.0,169.0,9.02,3.25,2,140.0
Rajiv van La Parra,F,27,Huddersfield,5,422,0.0,0.4,1600.0,-38.0,-2.29,-1.13,10,4.0
Ramadan Sobhi,F,21,Huddersfield,4,95,0.0,0.75,1637.0,-15.0,-0.91,-0.25,4,5.0
Raúl Jiménez,F,28,Wolves,38,3243,44.7,1.58,1819.0,137.0,8.15,2.48,1,35.0
Rhys Healey,F,24,Cardiff,3,63,0.0,0.67,1653.0,-22.0,-1.32,-0.55,9,0.25
Ricardo Pereira,D,25,Leicester,35,3299,40.0,1.34,1791.0,89.0,5.26,1.76,3,25.0
Richarlison,F,21,Everton,35,2780,45.7,1.57,1778.0,63.0,3.65,1.29,9,50.0
Riyad Mahrez,M,28,ManCity,27,1417,63.0,2.22,1976.0,140.0,7.6,3.12,11,60.0
Rob Holding,D,23,Arsenal,10,856,60.0,2.2,1849.0,72.0,4.05,2.63,6,12.0
Robbie Brady,M,27,Burnley,16,777,25.0,0.94,1622.0,-58.0,-3.48,-1.34,20,8.0
Robert Snodgrass,M,31,WestHam,33,2336,30.3,1.21,1703.0,14.0,0.81,0.43,18,7.0
Roberto Firmino,F,27,Liverpool,34,2713,73.5,2.44,2037.0,205.0,11.17,3.9,4,80.0
Roberto Pereyra,F,28,Watford,33,2947,33.3,1.21,1661.0,-60.0,-3.5,-0.95,22,13.0
Romain Saïss,D,29,Wolves,19,1237,31.6,1.37,1733.0,39.0,2.32,1.2,12,5.0
Romelu Lukaku,F,25,ManUnited,32,2290,28.1,1.31,1795.0,-6.0,-0.36,0.05,17,75.0
Ross Barkley,M,25,Chelsea,27,1335,40.7,1.7,1841.0,70.0,3.96,1.65,7,30.0
Ruben Loftus-Cheek,M,23,Chelsea,24,1095,50.0,1.79,1835.0,57.0,3.21,1.47,10,30.0
Rui Patrício,G,31,Wolves,37,3533,40.5,1.46,1735.0,53.0,3.13,1.07,11,20.0
Ryan Babel,F,32,Fulham,16,1285,25.0,0.88,1678.0,-9.0,-0.55,-0.0,2,5.0
Ryan Bennett,D,29,Wolves,34,3248,47.1,1.65,1777.0,94.0,5.61,1.88,5,7.0
Ryan Bertrand,D,29,Southampton,24,2289,20.8,0.96,1640.0,-46.0,-2.75,-0.83,26,15.0
Ryan Fraser,M,25,Bournemouth,38,3339,34.2,1.21,1752.0,30.0,1.77,0.66,1,30.0
Ryan Fredericks,D,26,WestHam,15,1145,40.0,1.33,1748.0,62.0,3.68,1.98,8,5.0
Ryan Sessegnon,F,18,Fulham,35,2440,17.1,0.71,1557.0,-113.0,-6.79,-1.87,27,35.0
Rúben Neves,M,22,Wolves,35,3184,40.0,1.43,1758.0,75.0,4.46,1.5,8,45.0
Rúben Vinagre,D,20,Wolves,17,768,41.2,1.71,1732.0,36.0,2.15,1.19,13,7.0
Sadio Mané,F,27,Liverpool,36,3214,77.8,2.53,2048.0,196.0,10.58,3.61,2,120.0
Salomón Rondón,F,29,Newcastle,32,2745,37.5,1.47,1785.0,83.0,4.88,1.74,3,15.0
Sam Gallagher,F,23,Southampton,4,51,0.0,1.0,1695.0,-0.0,-0.02,0.36,11,3.0
Sam Vokes,F,29,Burnley,20,972,10.0,0.7,1619.0,-92.0,-5.38,-2.04,22,5.0
Samir Nasri,M,31,WestHam,5,259,40.0,1.6,1728.0,-6.0,-0.37,0.11,11,5.0
Scott Dann,D,32,CrystalPalace,10,713,60.0,2.0,1787.0,73.0,4.25,2.66,4,4.0
Scott McTominay,M,22,ManUnited,16,944,12.5,0.94,1686.0,-83.0,-4.7,-2.01,28,12.0
Sead Kolašinac,D,25,Arsenal,24,1993,54.2,1.75,1796.0,10.0,0.58,0.42,16,20.0
Sean Longstaff,M,21,Newcastle,9,725,44.4,1.44,1728.0,38.0,2.22,1.58,7,7.0
Sean Morrison,D,28,Cardiff,34,3209,20.6,0.76,1621.0,-45.0,-2.69,-0.66,18,5.0
Sebastian Prödl,D,31,Watford,1,13,0.0,1.0,1690.0,0.0,0.0,0.41,15,3.5
Serge Aurier,D,26,Tottenham,8,599,62.5,1.88,1813.0,-3.0,-0.15,0.2,18,18.0
Sergio Agüero,F,30,ManCity,33,2528,84.8,2.64,2063.0,198.0,10.61,3.85,1,65.0
Sergio Rico,G,25,Fulham,29,2754,20.7,0.72,1652.0,-9.0,-0.57,-0.0,5,12.0
Shane Duffy,D,27,Brighton,35,3257,25.7,1.03,1709.0,47.0,2.8,1.0,1,12.0
Shane Long,F,32,Southampton,26,1350,26.9,1.27,1690.0,-5.0,-0.32,0.08,13,7.0
Shinji Okazaki,F,33,Leicester,21,374,23.8,1.29,1705.0,-24.0,-1.41,-0.36,17,4.0
Shkodran Mustafi,D,27,Arsenal,31,2749,48.4,1.71,1827.0,69.0,3.93,1.5,11,25.0
Simon Francis,D,33,Bournemouth,17,1314,35.3,1.18,1694.0,-18.0,-1.03,-0.24,17,2.0
Sokratis Papastathopoulos,D,30,Arsenal,25,2324,52.0,1.76,1836.0,93.0,5.32,2.23,9,20.0
Sol Bamba,D,34,Cardiff,28,2623,25.0,0.89,1643.0,-17.0,-1.0,-0.17,11,1.0
Solly March,F,24,Brighton,35,2576,22.9,0.97,1632.0,-34.0,-2.05,-0.45,12,8.0
Son Heung-min,F,26,Tottenham,31,2126,58.1,1.9,1886.0,69.0,3.78,1.5,2,80.0
Stefan Johansen,M,27,Fulham,12,455,0.0,0.42,1605.0,-90.0,-5.31,-2.47,19,4.0
Stefano Okaka,F,29,Watford,2,34,0.0,0.5,1681.0,-29.0,-1.72,-0.88,17,5.0
Stephan Lichtsteiner,D,35,Arsenal,14,980,28.6,1.36,1758.0,15.0,0.84,0.69,26,1.5
Stephen Ward,D,33,Burnley,3,236,0.0,0.33,1669.0,-40.0,-2.34,-1.31,14,2.0
Steve Cook,D,28,Bournemouth,31,2957,38.7,1.29,1730.0,14.0,0.81,0.44,5,10.0
Steve Mounié,F,24,Huddersfield,31,1879,16.1,0.84,1580.0,-40.0,-2.49,-0.6,14,10.0
Steven Davis,M,33,Southampton,3,109,0.0,0.33,1667.0,-6.0,-0.36,0.12,22,2.0
Steven Defour,M,30,Burnley,6,463,0.0,0.17,1624.0,-69.0,-4.09,-2.24,19,5.0
Stuart Armstrong,M,27,Southampton,29,1525,31.0,1.21,1678.0,-16.0,-0.92,-0.14,21,8.0
Séamus Coleman,D,30,Everton,29,2723,44.8,1.62,1812.0,98.0,5.72,2.15,4,15.0
Terence Kongolo,D,25,Huddersfield,32,2855,9.4,0.44,1526.0,-113.0,-6.89,-1.97,26,15.0
Theo Walcott,F,30,Everton,37,2240,27.0,1.27,1729.0,15.0,0.85,0.41,16,18.0
Tim Ream,D,31,Fulham,26,2156,15.4,0.58,1559.0,-119.0,-7.07,-2.35,26,4.0
Timothy Fosu-Mensah,D,21,Fulham,12,835,16.7,0.75,1638.0,-41.0,-2.47,-0.98,9,7.0
Toby Alderweireld,D,30,Tottenham,34,3079,58.8,1.88,1867.0,48.0,2.63,1.04,4,40.0
Tom Cairney,F,28,Fulham,31,2299,19.4,0.74,1569.0,-102.0,-6.08,-1.8,25,15.0
Tom Cleverley,M,29,Watford,13,524,30.8,1.38,1722.0,34.0,2.03,1.27,7,7.0
Tom Davies,F,20,Everton,16,1066,18.8,1.06,1665.0,-45.0,-2.62,-0.98,21,15.0
Tom Heaton,G,33,Burnley,19,1812,42.1,1.47,1749.0,27.0,1.56,0.9,2,3.0
Tommy Smith,D,27,Huddersfield,15,1208,13.3,0.6,1568.0,-61.0,-3.75,-1.46,18,3.0
Trent Alexander-Arnold,D,20,Liverpool,29,2575,79.3,2.55,2024.0,190.0,10.35,4.0,5,80.0
Troy Deeney,F,30,Watford,32,2672,40.6,1.44,1725.0,35.0,2.09,0.83,6,10.0
Tyrone Mings,D,25,Bournemouth,5,160,0.0,0.6,1703.0,-14.0,-0.79,-0.2,16,5.0
Vicente Guaita,G,32,CrystalPalace,20,1859,55.0,1.85,1793.0,78.0,4.55,2.13,3,5.0
Vicente Iborra,M,30,Leicester,8,260,12.5,1.0,1683.0,-28.0,-1.62,-0.66,24,9.0
Victor Lindelöf,D,24,ManUnited,30,2761,46.7,1.63,1801.0,2.0,0.12,0.21,15,35.0
Victor Moses,F,27,Chelsea,2,35,0.0,0.5,1760.0,-18.0,-1.03,-0.4,24,11.0
Victor Wanyama,M,27,Tottenham,13,561,30.8,1.38,1762.0,-51.0,-2.81,-1.25,28,20.0
Vincent Janssen,F,24,Tottenham,3,49,33.3,1.67,1822.0,-3.0,-0.16,0.25,12,8.0
Vincent Kompany,D,33,ManCity,17,1289,82.4,2.65,2003.0,154.0,8.35,4.31,7,8.0
Virgil van Dijk,D,27,Liverpool,38,3567,78.9,2.55,2047.0,233.0,12.84,4.12,3,90.0
Víctor Camarasa,M,24,Cardiff,32,2694,21.9,0.88,1622.0,-51.0,-3.08,-0.8,17,10.0
Wayne Hennessey,G,32,CrystalPalace,18,1673,22.2,0.83,1675.0,-64.0,-3.65,-1.42,25,5.0
Wes Morgan,D,35,Leicester,22,2029,40.9,1.41,1774.0,74.0,4.37,1.94,5,2.0
Wesley Hoedt,D,24,Southampton,13,1241,7.7,0.62,1636.0,-50.0,-2.97,-1.22,28,12.0
Wilfred Ndidi,M,22,Leicester,38,3477,39.5,1.37,1726.0,27.0,1.58,0.61,14,35.0
Wilfried Zaha,F,26,CrystalPalace,34,3197,35.3,1.26,1782.0,45.0,2.61,0.98,6,45.0
Will Hughes,F,24,Watford,32,2499,34.4,1.19,1660.0,-39.0,-2.32,-0.57,23,18.0
Will Norris,G,25,Wolves,1,1,0.0,1.0,1721.0,0.0,0.0,0.41,17,0.25
Willian,F,30,Chelsea,32,2186,50.0,1.78,1829.0,30.0,1.67,0.74,12,40.0
Willy Boly,D,28,Wolves,36,3361,38.9,1.42,1793.0,111.0,6.62,2.11,2,12.0
Willy Caballero,G,37,Chelsea,2,188,50.0,2.0,1810.0,1.0,0.04,0.43,17,1.0
Xande Silva,F,21,WestHam,1,22,0.0,1.0,1716.0,0.0,0.0,0.41,13,1.0
Xherdan Shaqiri,F,27,Liverpool,24,1142,66.7,2.29,1933.0,126.0,6.95,3.01,12,25.0
Yan Valery,D,20,Southampton,23,1806,34.8,1.3,1698.0,11.0,0.67,0.45,9,7.0
Yerry Mina,D,24,Everton,13,955,30.8,1.31,1750.0,23.0,1.33,0.94,11,25.0
Yoshinori Mutō,M,26,Newcastle,17,587,17.6,1.12,1692.0,-10.0,-0.6,-0.03,18,9.0
Youri Tielemans,M,22,Leicester,13,1133,38.5,1.46,1768.0,51.0,2.95,1.77,6,38.0
Yves Bissouma,M,22,Brighton,28,1880,21.4,1.0,1627.0,-60.0,-3.55,-1.05,14,15.0
Álvaro Morata,F,26,Chelsea,16,987,31.2,1.38,1767.0,-26.0,-1.43,-0.47,23,50.0
Çağlar Söyüncü,D,22,Leicester,6,399,16.7,1.0,1700.0,4.0,0.21,0.48,19,15.0
Érik Lamela,F,27,Tottenham,19,1034,42.1,1.58,1795.0,-12.0,-0.66,-0.08,24,18.0
Étienne Capoue,M,30,Watford,33,3093,39.4,1.36,1702.0,12.0,0.68,0.39,11,8.0
İlkay Gündoğan,M,28,ManCity,31,2257,74.2,2.35,1975.0,136.0,7.39,2.8,12,50.0
Łukasz Fabiański,G,34,WestHam,38,3608,39.5,1.37,1803.0,113.0,6.68,2.07,1,5.0
