Player,Pos,Age,Team,GP,MinOn,Win_pct,AdjPPG,End Elo,absDelta,relDelta,teamRank,EPG,Market Value
Aaron Cresswell,D,34,West Ham,11,498.0,9.1,0.82,1752.0,-24.0,-1.36,22,-0.48,0.9
Aaron Hickey,D,21,Brentford,9,734.0,22.2,1.0,1759.0,-46.0,-2.54,21,-1.27,28.0
Aaron Ramsdale,G,25,Arsenal,6,596.0,83.3,2.67,1908.0,45.0,2.44,16,2.07,25.0
Aaron Ramsey,M,21,Burnley,14,584.0,7.1,0.57,1668.0,-101.0,-5.69,25,-2.7,15.0
Aaron Wan-Bissaka,D,26,Manchester Utd,22,1947.0,31.8,1.27,1813.0,-35.0,-1.88,24,-0.62,20.0
Abdoulaye Doucouré,F,31,Everton,32,2797.0,43.8,1.44,1791.0,62.0,3.61,7,1.36,10.0
Adam Lallana,F,36,Brighton,25,940.0,32.0,1.36,1777.0,-38.0,-2.07,19,-0.64,1.0
Adam Smith,D,33,Bournemouth,28,2309.0,39.3,1.5,1798.0,89.0,5.22,6,2.04,1.0
Adam Webster,D,29,Brighton,15,1246.0,26.7,1.13,1771.0,-70.0,-3.78,20,-1.74,20.0
Adam Wharton,M,19,Crystal Palace,16,1357.0,50.0,1.75,1860.0,93.0,5.24,7,2.83,30.0
Adama Traoré,F,28,Fulham,17,503.0,17.6,1.12,1790.0,34.0,1.95,10,1.16,9.0
Albert Sambi Lokonga,M,24,Luton Town,17,1385.0,23.5,0.88,1659.0,-52.0,-3.03,25,-1.16,15.0
Alejandro Garnacho,F,19,Manchester Utd,36,2728.0,47.2,1.61,1855.0,44.0,2.44,10,0.94,45.0
Alejo Véliz,F,20,Tottenham,8,100.0,25.0,1.38,1833.0,-10.0,-0.52,17,-0.04,9.0
Aleksandar Mitrović,F,28,Fulham,1,39.0,100.0,3.0,1784.0,0.0,0.0,12,0.42,28.0
Alex Iwobi,F,28,Fulham,32,2466.0,34.4,1.28,1810.0,35.0,2.0,3,0.84,25.0
Alex Matos,F,18,Chelsea,1,3.0,0.0,1.0,1784.0,0.0,0.0,27,0.42,1.2
Alex Murphy,D,19,Newcastle Utd,2,25.0,0.0,1.0,1841.0,-2.0,-0.13,22,0.31,0.25
Alex Scott,M,20,Bournemouth,23,1131.0,30.4,1.17,1719.0,-4.0,-0.25,25,0.11,20.0
Alexander Isak,F,24,Newcastle Utd,30,2400.0,50.0,1.63,1948.0,81.0,4.35,1,1.8,75.0
Alexis Mac Allister,M,25,Liverpool,33,2765.0,51.5,1.88,1942.0,90.0,4.83,14,1.86,75.0
Alfie Doughty,M,24,Luton Town,37,3091.0,10.8,0.65,1661.0,-57.0,-3.33,24,-0.84,10.0
Alfie Gilchrist,D,20,Chelsea,11,269.0,36.4,1.64,1843.0,44.0,2.42,13,1.7,5.0
Alisson,G,31,Liverpool,28,2729.0,57.1,2.0,1980.0,112.0,6.02,7,2.52,28.0
Alphonse Areola,G,31,West Ham,31,2922.0,41.9,1.52,1913.0,126.0,7.07,1,2.64,10.0
Amad Diallo,F,21,Manchester Utd,9,443.0,44.4,1.67,1878.0,63.0,3.47,4,2.47,18.0
Amadou Diallo,M,20,Newcastle Utd,1,3.0,0.0,1.0,1844.0,0.0,0.0,20,0.42,0.4
Amadou Onana,M,22,Everton,30,2263.0,23.3,0.93,1698.0,-32.0,-1.85,23,-0.46,50.0
Amari'i Bell,D,29,Luton Town,21,1868.0,23.8,0.95,1711.0,-5.0,-0.27,7,0.1,2.5
Ameen Al-Dakhil,D,21,Burnley,13,1147.0,7.7,0.54,1671.0,-80.0,-4.55,23,-2.15,12.0
Anass Zaroury,M,23,Burnley,6,185.0,16.7,1.0,1755.0,-3.0,-0.15,6,0.23,9.0
Andre Brooks,M,20,Sheffield Utd,20,1007.0,5.0,0.35,1581.0,-164.0,-9.41,33,-3.87,2.5
Andreas Pereira,F,28,Fulham,37,2696.0,35.1,1.3,1797.0,19.0,1.06,8,0.49,20.0
Andrew Omobamidele,D,21,Nott'ham Forest,11,861.0,18.2,0.91,1744.0,6.0,0.34,16,0.48,11.0
Andrew Robertson,D,30,Liverpool,23,1838.0,52.2,1.87,1942.0,75.0,3.99,15,1.95,30.0
Andrey Santos,M,19,Nott'ham Forest,1,12.0,0.0,1.0,1753.0,0.0,0.0,9,0.42,15.0
Andros Townsend,M,32,Luton Town,27,1321.0,18.5,0.96,1711.0,-36.0,-2.06,8,-0.57,1.8
André Gomes,F,30,Everton,12,576.0,33.3,1.42,1787.0,-24.0,-1.32,8,-0.47,10.0
André Onana,G,28,Manchester Utd,38,3736.0,47.4,1.58,1901.0,67.0,3.66,2,1.31,35.0
Anel Ahmedhodžić,D,25,Sheffield Utd,31,2915.0,6.5,0.35,1554.0,-170.0,-9.85,34,-3.15,18.0
Angelo Ogbonna,D,35,West Ham,11,687.0,36.4,1.45,1799.0,2.0,0.1,10,0.35,0.7
Anis Ben Slimane,M,23,Sheffield Utd,15,494.0,0.0,0.6,1665.0,-80.0,-4.6,15,-2.03,2.5
Ansu Fati,F,21,Brighton,19,627.0,42.1,1.47,1797.0,-21.0,-1.14,14,-0.31,25.0
Anthony Elanga,F,22,Nott'ham Forest,36,2653.0,36.1,1.31,1778.0,10.0,0.54,3,0.34,22.0
Anthony Gordon,F,23,Newcastle Utd,35,3079.0,51.4,1.69,1916.0,83.0,4.5,4,1.67,60.0
Anthony Martial,F,28,Manchester Utd,13,504.0,30.8,1.46,1840.0,10.0,0.55,17,0.57,10.0
Antoine Semenyo,F,24,Bournemouth,33,2269.0,48.5,1.64,1853.0,91.0,5.18,1,1.88,10.0
Antonee Robinson,D,26,Fulham,37,3538.0,32.4,1.19,1792.0,9.0,0.49,9,0.31,25.0
Antony,F,24,Manchester Utd,29,1460.0,17.2,1.1,1777.0,-63.0,-3.44,27,-1.1,25.0
Antwoine Hackford,F,19,Sheffield Utd,2,26.0,0.0,0.5,1728.0,-17.0,-1.0,4,-0.37,0.5
Arijanet Muric,G,25,Burnley,10,971.0,20.0,1.0,1793.0,14.0,0.76,1,0.76,7.0
Armando Broja,F,22,Fulham,21,665.0,33.3,1.33,1754.0,11.0,0.59,20,0.49,22.0
Arnaut Danjuma,M,26,Everton,14,677.0,7.1,0.64,1689.0,-47.0,-2.69,24,-1.12,13.0
Ashley Young,D,38,Everton,31,2438.0,32.3,1.26,1755.0,18.0,1.04,17,0.53,0.5
Auston Trusty,D,25,Sheffield Utd,32,2813.0,6.2,0.31,1550.0,-178.0,-10.32,35,-3.25,7.0
Axel Disasi,D,26,Chelsea,31,2818.0,35.5,1.35,1810.0,21.0,1.17,20,0.59,40.0
Aymeric Laporte,D,29,Manchester City,1,20.0,0.0,1.0,1904.0,0.0,0.0,21,0.42,20.0
Bart Verbruggen,G,21,Brighton,21,2047.0,33.3,1.38,1844.0,45.0,2.5,3,1.31,18.0
Ben Brereton,F,25,Sheffield Utd,14,1185.0,7.1,0.57,1646.0,-93.0,-5.37,22,-2.47,8.0
Ben Chilwell,F,27,Chelsea,13,814.0,23.1,1.08,1769.0,-21.0,-1.19,29,-0.36,28.0
Ben Davies,D,31,Tottenham,17,1212.0,41.2,1.47,1828.0,10.0,0.53,18,0.51,10.0
Ben Doak,F,17,Liverpool,1,18.0,0.0,1.0,1837.0,0.0,0.0,30,0.42,10.0
Ben Godfrey,D,26,Everton,15,1207.0,20.0,1.13,1774.0,21.0,1.17,12,0.85,10.0
Ben Johnson,D,24,West Ham,14,649.0,7.1,0.71,1722.0,-81.0,-4.48,25,-2.11,8.0
Ben Mee,D,34,Brentford,16,1362.0,25.0,0.81,1761.0,-36.0,-1.98,20,-0.75,1.0
Ben Osborn,M,29,Sheffield Utd,24,1532.0,16.7,0.88,1650.0,-74.0,-4.3,21,-1.48,1.0
Ben Parkinson,F,18,Newcastle Utd,1,32.0,0.0,0.0,1831.0,0.0,0.0,24,0.42,0.25
Ben White,D,26,Arsenal,37,3213.0,64.9,2.16,2047.0,184.0,9.88,6,3.38,55.0
Benicio Boaitey,F,20,Brighton,5,74.0,20.0,1.2,1825.0,-13.0,-0.72,5,-0.16,0.4
Benoît Badiashile,D,23,Chelsea,18,1480.0,44.4,1.67,1877.0,79.0,4.39,10,2.31,30.0
Benson Manuel,M,27,Burnley,8,160.0,0.0,0.5,1697.0,-60.0,-3.41,17,-1.82,5.0
Bernardo Silva,M,29,Manchester City,33,2781.0,69.7,2.3,2078.0,129.0,6.64,6,2.6,70.0
Bernd Leno,G,32,Fulham,38,3725.0,34.2,1.24,1855.0,43.0,2.4,1,0.89,13.0
Bertrand Traoré,F,28,Aston Villa,2,20.0,0.0,1.0,1806.0,-0.0,-0.03,24,0.4,9.0
Beto,F,26,Everton,30,1121.0,26.7,1.33,1760.0,17.0,0.99,15,0.52,20.0
Billy Gilmour,M,22,Brighton,30,2275.0,43.3,1.53,1792.0,-23.0,-1.26,17,-0.28,18.0
Bobby Clark,M,19,Liverpool,5,112.0,40.0,1.8,1893.0,1.0,0.05,25,0.4,1.0
Bobby Reid,F,31,Fulham,33,1552.0,30.3,1.21,1747.0,-40.0,-2.22,22,-0.59,5.0
Boubacar Kamara,M,24,Aston Villa,20,1744.0,60.0,1.9,1869.0,84.0,4.7,8,2.32,38.0
Boubacar Traoré,M,22,Wolves,24,987.0,8.3,0.75,1677.0,-74.0,-4.21,25,-1.48,6.0
Brandon Aguilera,F,20,Nott'ham Forest,1,15.0,0.0,1.0,1752.0,0.0,0.0,10,0.42,0.3
Brennan Johnson,F,22,Tottenham,35,2486.0,48.6,1.71,1863.0,32.0,1.73,9,0.74,48.0
Bruno Fernandes,F,29,Manchester Utd,35,3402.0,48.6,1.63,1940.0,95.0,5.14,1,1.89,70.0
Bruno Guimarães,M,26,Newcastle Utd,37,3528.0,48.6,1.62,1937.0,88.0,4.74,2,1.7,85.0
Bryan Gil,F,23,Tottenham,11,282.0,9.1,0.55,1731.0,-77.0,-4.25,29,-2.19,14.0
Bryan Mbeumo,F,24,Brentford,25,2139.0,36.0,1.44,1881.0,76.0,4.2,1,1.88,40.0
Bukayo Saka,F,22,Arsenal,35,3090.0,71.4,2.29,2117.0,240.0,12.77,1,4.52,140.0
Bénie Traoré,F,21,Sheffield Utd,8,427.0,0.0,0.38,1654.0,-70.0,-4.06,19,-2.17,4.0
Callum Hudson-Odoi,F,23,Nott'ham Forest,29,2003.0,24.1,1.0,1755.0,3.0,0.16,8,0.24,18.0
Callum Wilson,F,32,Newcastle Utd,20,1111.0,40.0,1.5,1862.0,7.0,0.4,15,0.4,13.0
Calum Chambers,M,29,Aston Villa,5,178.0,20.0,1.0,1829.0,-9.0,-0.47,21,-0.0,4.0
Calvin Bassey,D,24,Fulham,29,2531.0,34.5,1.24,1800.0,44.0,2.51,7,1.08,16.0
Cameron Archer,F,22,Sheffield Utd,30,2005.0,16.7,0.77,1645.0,-95.0,-5.48,23,-1.72,13.0
Caoimhín Kelleher,G,25,Liverpool,10,986.0,80.0,2.6,1963.0,84.0,4.47,9,3.09,20.0
Carlos Baleba,M,20,Brighton,27,1465.0,18.5,0.93,1712.0,-121.0,-6.59,30,-2.38,22.0
Carlos Vinícius,F,28,Fulham,13,385.0,38.5,1.46,1761.0,-24.0,-1.32,19,-0.46,4.0
Carlton Morris,F,28,Luton Town,38,3081.0,15.8,0.71,1644.0,-71.0,-4.16,27,-1.07,13.0
Carney Chukwuemeka,F,20,Chelsea,9,280.0,22.2,1.33,1802.0,12.0,0.69,23,0.72,15.0
Casemiro,D,32,Manchester Utd,25,2149.0,48.0,1.64,1893.0,47.0,2.54,3,1.24,20.0
Cauley Woodrow,F,29,Luton Town,24,573.0,20.8,1.17,1750.0,28.0,1.65,2,0.84,1.0
Cesare Casadei,F,21,Chelsea,11,142.0,18.2,1.18,1803.0,-6.0,-0.31,22,0.09,10.0
Charlie Taylor,D,30,Burnley,28,2536.0,21.4,0.82,1688.0,-100.0,-5.59,18,-1.89,3.0
Cheick Doucouré,M,23,Crystal Palace,11,985.0,36.4,1.36,1779.0,-14.0,-0.79,14,-0.16,35.0
Cheikhou Kouyaté,F,34,Nott'ham Forest,12,292.0,0.0,0.75,1696.0,-48.0,-2.72,29,-1.22,1.0
Chiedozie Ogbene,M,27,Luton Town,30,2181.0,16.7,0.83,1668.0,-54.0,-3.15,21,-0.9,8.0
Chris Basham,D,35,Sheffield Utd,8,375.0,0.0,0.5,1691.0,-33.0,-1.91,12,-0.86,0.3
Chris Mepham,D,26,Bournemouth,10,690.0,50.0,1.6,1757.0,18.0,1.05,14,0.9,6.0
Chris Richards,D,24,Crystal Palace,26,2300.0,34.6,1.38,1839.0,67.0,3.79,9,1.65,12.0
Chris Wood,F,32,Nott'ham Forest,31,2024.0,22.6,1.1,1793.0,38.0,2.17,1,0.92,7.0
Christian Eriksen,M,32,Manchester Utd,22,1272.0,31.8,1.27,1774.0,-65.0,-3.54,28,-1.33,8.0
Christian Nørgaard,M,30,Brentford,31,2677.0,19.4,0.84,1708.0,-96.0,-5.35,28,-1.7,18.0
Christopher Nkunku,F,26,Chelsea,11,510.0,27.3,1.18,1794.0,-10.0,-0.57,24,-0.03,65.0
Clément Lenglet,D,28,Aston Villa,14,1239.0,35.7,1.21,1795.0,-45.0,-2.42,26,-1.06,10.0
Cody Gakpo,F,25,Liverpool,35,1811.0,54.3,2.06,1993.0,126.0,6.73,4,2.45,50.0
Cole Palmer,F,22,Chelsea,34,2823.0,50.0,1.74,2035.0,245.0,13.69,1,4.7,80.0
Connor Roberts,D,28,Burnley,14,915.0,14.3,0.64,1677.0,-74.0,-4.23,20,-1.91,7.0
Conor Bradley,D,20,Liverpool,11,780.0,54.5,2.0,1947.0,27.0,1.4,13,1.16,15.0
Conor Gallagher,M,24,Chelsea,37,3375.0,43.2,1.54,1897.0,107.0,5.96,6,2.03,50.0
Craig Dawson,D,33,Wolves,25,2405.0,40.0,1.4,1808.0,61.0,3.52,6,1.55,2.0
Cristian Romero,D,26,Tottenham,33,3048.0,63.6,2.03,1943.0,115.0,6.27,1,2.33,60.0
Curtis Jones,M,23,Liverpool,23,1275.0,47.8,1.74,1867.0,15.0,0.79,27,0.56,35.0
Cédric Soares,D,32,Arsenal,3,80.0,33.3,1.67,1878.0,6.0,0.32,20,0.65,2.0
Daiki Hashioka,D,25,Luton Town,10,642.0,20.0,0.8,1685.0,-50.0,-2.89,14,-1.37,2.0
Dan Burn,D,32,Newcastle Utd,33,2926.0,48.5,1.61,1898.0,44.0,2.35,7,1.0,8.0
Dane Scarlett,F,20,Tottenham,4,49.0,25.0,1.5,1839.0,5.0,0.29,16,0.58,1.8
Dango Ouattara,F,22,Bournemouth,30,1400.0,20.0,1.1,1728.0,-5.0,-0.32,22,0.08,20.0
Daniel Bentley,G,30,Wolves,5,418.0,40.0,1.2,1747.0,-56.0,-3.08,18,-1.88,2.0
Daniel Gore,M,19,Manchester Utd,1,6.0,0.0,1.0,1830.0,0.0,0.0,18,0.42,0.9
Daniel Jebbison,F,20,Sheffield Utd,1,29.0,0.0,1.0,1740.0,0.0,0.0,1,0.42,1.0
Daniel Muñoz,D,27,Crystal Palace,16,1559.0,43.8,1.56,1866.0,98.0,5.56,6,2.96,18.0
Danilo,M,23,Nott'ham Forest,29,1920.0,24.1,0.97,1724.0,-6.0,-0.37,23,0.06,28.0
Danny Ings,F,31,West Ham,20,527.0,15.0,0.95,1731.0,-36.0,-2.03,24,-0.68,8.0
Danny Welbeck,F,33,Brighton,29,1782.0,34.5,1.31,1793.0,-27.0,-1.47,16,-0.37,5.0
Dara O'Shea,D,25,Burnley,33,3135.0,12.1,0.58,1655.0,-96.0,-5.5,29,-1.64,7.0
Darwin Núñez,F,24,Liverpool,36,2225.0,47.2,1.75,1948.0,81.0,4.32,12,1.6,70.0
David Brooks,F,26,Bournemouth,13,363.0,23.1,1.23,1744.0,13.0,0.76,18,0.66,8.0
David Datro Fofana,F,21,Burnley,15,956.0,26.7,1.2,1767.0,-22.0,-1.26,4,-0.37,12.0
David Ozoh,D,18,Crystal Palace,9,212.0,11.1,0.89,1755.0,-35.0,-1.95,19,-0.9,0.7
David Raya,G,28,Arsenal,32,3122.0,71.9,2.28,1997.0,126.0,6.74,8,2.59,35.0
Davinson Sánchez,D,27,Tottenham,1,81.0,0.0,0.0,1787.0,0.0,0.0,24,0.42,17.0
Dean Henderson,G,27,Crystal Palace,18,1753.0,44.4,1.56,1871.0,82.0,4.56,5,2.39,12.0
Declan Rice,M,25,Arsenal,38,3461.0,71.1,2.29,2059.0,207.0,11.18,3,3.72,120.0
Deivid Washington,F,18,Chelsea,2,27.0,50.0,1.5,1794.0,15.0,0.86,25,1.08,9.0
Dejan Kulusevski,F,24,Tottenham,36,2994.0,41.7,1.47,1857.0,52.0,2.88,11,1.09,55.0
Destiny Udogie,D,21,Tottenham,28,2578.0,50.0,1.82,1889.0,87.0,4.8,5,2.0,45.0
Diego Carlos,D,31,Aston Villa,27,2024.0,37.0,1.37,1816.0,32.0,1.79,22,0.87,16.0
Diogo Dalot,D,25,Manchester Utd,36,3471.0,47.2,1.58,1876.0,59.0,3.26,5,1.21,35.0
Diogo Jota,F,27,Liverpool,21,1221.0,61.9,2.14,1998.0,146.0,7.87,3,3.77,50.0
Divin Mubama,F,19,West Ham,5,112.0,20.0,1.0,1765.0,-46.0,-2.55,18,-1.48,1.0
Divock Origi,F,29,Nott'ham Forest,20,718.0,15.0,1.15,1740.0,-11.0,-0.65,18,-0.05,5.0
Dominic Calvert-Lewin,F,27,Everton,32,2264.0,34.4,1.34,1807.0,81.0,4.7,6,1.73,22.0
Dominic Sadi,F,20,Bournemouth,1,6.0,0.0,1.0,1767.0,0.0,0.0,11,0.42,0.1
Dominic Solanke,F,26,Bournemouth,38,3579.0,34.2,1.32,1848.0,122.0,7.08,2,2.25,40.0
Dominik Szoboszlai,F,23,Liverpool,33,2262.0,39.4,1.64,1914.0,62.0,3.34,19,1.34,75.0
Donny van de Beek,D,26,Manchester Utd,1,7.0,0.0,1.0,1821.0,0.0,0.0,22,0.42,5.0
Douglas Luiz,M,26,Aston Villa,35,3241.0,51.4,1.71,1854.0,68.0,3.8,13,1.4,70.0
Dwight McNeil,M,24,Everton,35,3102.0,37.1,1.37,1832.0,100.0,5.76,2,1.98,22.0
Eberechi Eze,F,25,Crystal Palace,27,2178.0,51.9,1.74,1942.0,140.0,7.78,2,3.16,55.0
Eddie Nketiah,F,24,Arsenal,27,1229.0,37.0,1.56,1873.0,4.0,0.24,21,0.27,30.0
Ederson,G,30,Manchester City,33,2995.0,69.7,2.3,2051.0,99.0,5.07,8,2.03,35.0
Edson Álvarez,M,26,West Ham,31,2555.0,38.7,1.45,1809.0,12.0,0.67,7,0.41,35.0
Elijah Adebayo,F,26,Luton Town,27,1551.0,22.2,1.07,1725.0,4.0,0.21,5,0.27,12.0
Elliot Anderson,M,21,Newcastle Utd,21,1131.0,38.1,1.52,1851.0,36.0,1.98,17,1.09,15.0
Emerson,D,25,Tottenham,22,1318.0,22.7,1.05,1747.0,-60.0,-3.3,28,-1.21,18.0
Emerson Palmieri,M,29,West Ham,36,3385.0,38.9,1.42,1790.0,4.0,0.24,12,0.23,12.0
Emil Krafth,D,29,Newcastle Utd,17,1018.0,41.2,1.59,1865.0,20.0,1.09,12,0.78,2.5
Emile Smith Rowe,M,23,Arsenal,13,419.0,53.8,1.92,1855.0,5.0,0.29,25,0.42,22.0
Emiliano Martínez,G,31,Aston Villa,34,3313.0,58.8,1.97,1963.0,166.0,9.21,2,3.23,28.0
Enes Ünal,F,27,Bournemouth,16,441.0,18.8,1.12,1777.0,4.0,0.2,10,0.36,18.0
Enso Gonzalez,F,19,Wolves,1,8.0,0.0,1.0,1782.0,0.0,0.0,8,0.42,4.0
Enzo Fernández,M,23,Chelsea,28,2376.0,28.6,1.18,1813.0,23.0,1.31,17,0.66,75.0
Eric Dier,D,29,Tottenham,4,236.0,0.0,0.0,1754.0,-56.0,-3.08,27,-1.95,12.0
Erling Haaland,F,23,Manchester City,31,2733.0,67.7,2.23,2097.0,119.0,6.01,4,2.5,180.0
Ethan Nwaneri,F,16,Arsenal,1,17.0,0.0,1.0,1872.0,0.0,0.0,22,0.42,8.0
Ethan Pinnock,D,30,Brentford,29,2756.0,34.5,1.21,1795.0,-10.0,-0.55,13,-0.02,12.0
Evan Ferguson,F,19,Brighton,27,1490.0,25.9,1.11,1764.0,-60.0,-3.27,23,-1.08,50.0
Ezri Konsa,D,26,Aston Villa,35,3344.0,51.4,1.74,1858.0,70.0,3.94,11,1.43,35.0
Fabian Schär,D,32,Newcastle Utd,36,3320.0,41.7,1.47,1886.0,34.0,1.86,9,0.77,10.0
Fabio Vieira,F,23,Arsenal,11,364.0,63.6,2.27,1904.0,48.0,2.59,17,1.83,22.0
Facundo Buonanotte,F,19,Brighton,27,1452.0,33.3,1.37,1807.0,-26.0,-1.41,12,-0.36,18.0
Facundo Pellistri,F,22,Manchester Utd,9,227.0,22.2,1.22,1807.0,-6.0,-0.33,25,0.1,8.0
Felipe,D,34,Nott'ham Forest,7,407.0,14.3,0.71,1696.0,-27.0,-1.56,30,-0.67,1.5
Finley Munroe,M,19,Aston Villa,1,9.0,0.0,1.0,1860.0,0.0,0.0,10,0.42,0.1
Fodé Ballo-Touré,D,27,Fulham,6,105.0,33.3,1.5,1771.0,-8.0,-0.47,16,0.04,3.0
Frank Onyeka,M,26,Brentford,26,1299.0,23.1,1.0,1722.0,-66.0,-3.7,26,-1.24,9.0
Fred Onyedinma,D,27,Luton Town,8,439.0,12.5,0.62,1699.0,-33.0,-1.89,11,-0.86,0.5
Fábio Silva,F,21,Wolves,8,317.0,0.0,0.75,1722.0,-40.0,-2.28,22,-1.11,11.0
Gabriel Jesus,F,27,Arsenal,27,1591.0,51.9,1.93,1938.0,74.0,3.98,13,1.76,65.0
Gabriel Magalhães,D,26,Arsenal,36,3305.0,66.7,2.19,2038.0,185.0,9.98,7,3.46,70.0
Gabriel Martinelli,F,22,Arsenal,35,2141.0,51.4,1.83,1941.0,76.0,4.06,12,1.54,70.0
Gabriel Osho,D,25,Luton Town,21,2006.0,19.0,0.76,1671.0,-51.0,-2.98,18,-1.02,3.0
George Baldock,D,31,Sheffield Utd,13,1061.0,7.7,0.54,1677.0,-47.0,-2.74,14,-1.15,2.5
George Earthy,F,19,West Ham,3,46.0,33.3,1.67,1827.0,12.0,0.68,3,0.91,1.0
Gio Reyna,F,21,Nott'ham Forest,9,276.0,11.1,1.11,1751.0,0.0,0.02,11,0.31,18.0
Giovani Lo Celso,M,28,Tottenham,22,632.0,18.2,1.14,1812.0,1.0,0.04,22,0.24,16.0
Gonzalo Montiel,D,27,Nott'ham Forest,14,857.0,28.6,1.29,1793.0,47.0,2.68,2,1.64,10.0
Guglielmo Vicario,G,27,Tottenham,38,3745.0,52.6,1.74,1889.0,87.0,4.82,6,1.65,35.0
Gustavo Hamer,M,26,Sheffield Utd,36,3097.0,11.1,0.58,1586.0,-151.0,-8.71,32,-2.53,15.0
Hamed Junior Traorè,M,23,Bournemouth,3,67.0,0.0,0.67,1731.0,-18.0,-1.0,21,-0.39,17.0
Han-Noah Massengo,M,22,Burnley,3,35.0,66.7,2.33,1793.0,10.0,0.55,2,0.82,4.0
Hannes Delcroix,D,25,Burnley,12,675.0,0.0,0.25,1642.0,-127.0,-7.16,30,-3.68,4.0
Hannibal Mejbri,F,20,Manchester Utd,5,159.0,20.0,1.4,1841.0,16.0,0.88,15,0.99,9.0
Harrison Reed,M,29,Fulham,27,1451.0,29.6,1.33,1779.0,-1.0,-0.08,13,0.17,15.0
Harry Maguire,D,31,Manchester Utd,22,1833.0,45.5,1.64,1873.0,69.0,3.84,6,1.85,18.0
Harry Toffolo,D,28,Nott'ham Forest,23,1612.0,13.0,0.83,1721.0,-50.0,-2.82,24,-0.95,5.0
Harry Wilson,F,27,Fulham,35,1798.0,28.6,1.2,1769.0,-16.0,-0.89,17,-0.13,17.0
Harvey Barnes,F,26,Newcastle Utd,21,915.0,52.4,1.86,1900.0,51.0,2.77,6,1.46,35.0
Harvey Elliott,M,21,Liverpool,34,1547.0,52.9,2.03,1981.0,113.0,6.07,6,2.25,35.0
Hjalmar Ekdal,D,25,Burnley,8,465.0,0.0,0.62,1707.0,-44.0,-2.49,12,-1.25,7.0
Hugo Bueno,D,21,Wolves,22,879.0,9.1,0.91,1725.0,-31.0,-1.75,21,-0.52,6.0
Hwang Hee-chan,F,28,Wolves,29,2294.0,41.4,1.48,1820.0,79.0,4.55,2,1.79,25.0
Ian Maatsen,F,21,Chelsea,12,290.0,0.0,0.75,1736.0,-53.0,-2.96,31,-1.37,40.0
Ibrahim Sangaré,M,26,Nott'ham Forest,17,1096.0,17.6,1.0,1726.0,-24.0,-1.38,22,-0.41,30.0
Ibrahima Konaté,D,24,Liverpool,22,1724.0,54.5,1.86,1904.0,36.0,1.95,23,1.07,45.0
Idrissa Gana Gueye,M,34,Everton,25,2003.0,32.0,1.2,1787.0,55.0,3.2,9,1.42,3.0
Igor,D,26,Brighton,24,1767.0,25.0,1.12,1768.0,-36.0,-1.99,21,-0.61,17.0
Illia Zabarnyi,D,21,Bournemouth,37,3642.0,32.4,1.22,1767.0,17.0,0.95,12,0.45,32.0
Ionuț Radu,G,26,Bournemouth,2,200.0,50.0,1.5,1727.0,-9.0,-0.52,23,-0.0,3.0
Issa Diop,D,27,Fulham,18,1543.0,16.7,0.94,1741.0,-44.0,-2.49,23,-0.92,20.0
Issa Kaboré,D,22,Luton Town,24,1862.0,16.7,0.71,1673.0,-49.0,-2.83,17,-0.91,10.0
Ivan Perišić,F,34,Tottenham,5,146.0,60.0,2.0,1820.0,16.0,0.91,20,0.99,2.0
Ivan Toney,F,28,Brentford,17,1600.0,17.6,0.82,1778.0,-18.0,-0.98,14,-0.24,50.0
Ivo Grbić,G,28,Sheffield Utd,9,844.0,0.0,0.44,1695.0,-42.0,-2.41,10,-1.14,3.5
Jack Cork,M,34,Burnley,4,51.0,25.0,1.5,1782.0,-1.0,-0.06,3,0.33,0.8
Jack Grealish,F,28,Manchester City,20,1127.0,50.0,1.85,1963.0,18.0,0.92,17,0.67,60.0
Jack Harrison,M,27,Everton,29,2390.0,37.9,1.48,1820.0,71.0,4.08,4,1.63,18.0
Jack Hinshelwood,D,18,Brighton,12,926.0,41.7,1.42,1817.0,20.0,1.13,8,0.9,16.0
Jack Robinson,D,30,Sheffield Utd,34,3143.0,8.8,0.47,1592.0,-133.0,-7.69,31,-2.29,1.0
Jacob Brown,F,25,Luton Town,19,1116.0,21.1,0.89,1697.0,-21.0,-1.23,12,-0.31,4.0
Jacob Bruun Larsen,M,25,Burnley,32,1371.0,18.8,0.97,1704.0,-53.0,-3.01,13,-0.85,8.0
Jacob Murphy,F,29,Newcastle Utd,21,1279.0,47.6,1.76,1914.0,76.0,4.16,5,2.07,15.0
Jacob Ramsey,F,22,Aston Villa,16,955.0,50.0,1.94,1869.0,50.0,2.74,9,1.63,35.0
Jaden Philogene Bidace,F,21,Aston Villa,1,10.0,0.0,0.0,1790.0,0.0,0.0,28,0.42,15.0
Jadon Sancho,F,23,Manchester Utd,3,110.0,66.7,2.0,1829.0,-11.0,-0.59,19,-0.09,30.0
Jaidon Anthony,F,23,Bournemouth,3,162.0,0.0,0.0,1691.0,-28.0,-1.61,28,-0.83,6.0
Jakub Kiwior,D,24,Arsenal,20,1059.0,40.0,1.8,1973.0,134.0,7.3,10,3.57,30.0
Jakub Moder,D,25,Brighton,17,695.0,11.8,0.82,1743.0,-78.0,-4.28,28,-1.86,10.0
Jamaal Lascelles,D,30,Newcastle Utd,16,1173.0,56.2,1.81,1865.0,25.0,1.37,13,0.94,7.0
James Garner,M,23,Everton,37,3258.0,35.1,1.3,1768.0,31.0,1.81,13,0.7,22.0
James Hill,D,22,Bournemouth,5,105.0,20.0,1.2,1737.0,-12.0,-0.68,19,-0.12,2.0
James Maddison,F,27,Tottenham,28,2213.0,57.1,1.93,1905.0,98.0,5.44,4,2.22,70.0
James McConnell,M,19,Liverpool,3,15.0,33.3,1.67,1888.0,5.0,0.27,26,0.6,0.5
James Mcatee,F,21,Sheffield Utd,31,1980.0,12.9,0.61,1603.0,-143.0,-8.21,29,-2.62,12.0
James Milner,D,38,Brighton,15,822.0,20.0,0.93,1752.0,-66.0,-3.62,27,-1.63,1.0
James Shea,G,32,Luton Town,1,20.0,0.0,1.0,1744.0,0.0,0.0,3,0.42,0.2
James Tarkowski,D,31,Everton,38,3712.0,34.2,1.26,1826.0,96.0,5.58,3,1.81,13.0
James Tomkins,D,35,Crystal Palace,4,36.0,0.0,0.75,1763.0,-17.0,-0.95,16,-0.34,0.7
James Trafford,G,21,Burnley,28,2747.0,10.7,0.5,1671.0,-80.0,-4.55,24,-1.48,18.0
James Ward-Prowse,M,29,West Ham,37,3239.0,37.8,1.38,1812.0,-9.0,-0.47,6,-0.0,30.0
Jamie Donley,F,19,Tottenham,3,14.0,0.0,1.0,1815.0,-0.0,-0.03,21,0.39,1.5
Jan Paul van Hecke,D,23,Brighton,28,2568.0,35.7,1.43,1834.0,10.0,0.57,4,0.39,18.0
Jarell Quansah,D,21,Liverpool,17,1294.0,47.1,1.88,1957.0,76.0,4.05,11,2.29,22.0
Jarrad Branthwaite,D,21,Everton,35,3389.0,34.3,1.29,1812.0,85.0,4.92,5,1.71,42.0
Jarrod Bowen,F,27,West Ham,34,3260.0,35.3,1.35,1845.0,60.0,3.35,2,1.27,50.0
Jason Steele,G,33,Brighton,17,1664.0,29.4,1.12,1759.0,-69.0,-3.77,25,-1.62,3.5
Jay Rodriguez,F,34,Burnley,21,950.0,9.5,0.81,1698.0,-70.0,-3.98,14,-1.49,1.0
Jayden Bogle,D,23,Sheffield Utd,34,3010.0,14.7,0.65,1597.0,-148.0,-8.48,30,-2.57,3.8
Jayden Danns,F,18,Liverpool,2,27.0,100.0,3.0,1919.0,7.0,0.34,18,0.72,1.0
Jaïro Riedewald,M,27,Crystal Palace,9,277.0,11.1,1.0,1767.0,-18.0,-1.01,15,-0.31,3.0
Jean-Philippe Mateta,F,26,Crystal Palace,35,2478.0,40.0,1.4,1906.0,108.0,6.01,3,2.12,20.0
Jean-Ricner Bellegarde,D,25,Wolves,22,1043.0,4.5,0.64,1671.0,-89.0,-5.08,26,-1.9,15.0
Jefferson Lerma,M,29,Crystal Palace,28,2583.0,28.6,1.11,1733.0,-63.0,-3.52,24,-1.12,20.0
Jeffrey Schlupp,M,31,Crystal Palace,29,1469.0,17.2,0.9,1716.0,-78.0,-4.35,26,-1.41,7.0
Jeremy Doku,M,21,Manchester City,29,1720.0,58.6,2.1,2015.0,73.0,3.78,12,1.67,65.0
Jesurun Rak Sakyi,F,21,Crystal Palace,6,173.0,0.0,0.67,1758.0,-29.0,-1.61,18,-0.77,2.0
Jimi Tauriainen,F,20,Chelsea,1,3.0,0.0,1.0,1812.0,0.0,0.0,18,0.42,0.2
Joachim Andersen,D,27,Crystal Palace,38,3700.0,34.2,1.29,1860.0,57.0,3.18,8,1.14,35.0
Joe Gomez,D,26,Liverpool,32,1988.0,50.0,1.94,1961.0,98.0,5.25,10,2.05,28.0
Joe Rothwell,M,28,Bournemouth,11,446.0,0.0,0.45,1661.0,-77.0,-4.41,29,-2.19,2.5
Joe White,M,21,Newcastle Utd,4,36.0,50.0,2.0,1867.0,12.0,0.67,11,0.87,0.3
Joe Willock,M,24,Newcastle Utd,9,459.0,33.3,1.22,1812.0,-47.0,-2.53,27,-1.31,30.0
Joe Worrall,D,26,Nott'ham Forest,7,483.0,28.6,1.29,1736.0,13.0,0.74,19,0.81,7.5
Joel Ward,D,34,Crystal Palace,26,2163.0,19.2,0.92,1718.0,-73.0,-4.1,25,-1.39,1.0
Joelinton,M,27,Newcastle Utd,20,1377.0,30.0,1.25,1823.0,-28.0,-1.49,26,-0.48,40.0
John Egan,D,30,Sheffield Utd,6,514.0,0.0,0.17,1660.0,-65.0,-3.75,18,-2.15,4.0
John Fleck,D,32,Sheffield Utd,4,118.0,25.0,0.75,1698.0,-25.0,-1.47,9,-0.67,0.9
John McGinn,M,29,Aston Villa,35,3216.0,51.4,1.71,1870.0,82.0,4.56,7,1.65,30.0
John Stones,D,29,Manchester City,16,1152.0,62.5,2.06,1982.0,53.0,2.74,15,1.72,38.0
Jonny Castro,M,29,Wolves,1,11.0,0.0,1.0,1749.0,0.0,0.0,17,0.42,5.0
Jonny Evans,D,36,Manchester Utd,23,1511.0,34.8,1.43,1845.0,34.0,1.89,14,1.0,2.0
Jordan Ayew,F,32,Crystal Palace,35,2725.0,34.3,1.37,1791.0,-7.0,-0.38,12,0.04,4.0
Jordan Beyer,D,23,Burnley,15,1310.0,20.0,0.8,1732.0,-21.0,-1.21,8,-0.34,13.0
Jordan Clark,M,30,Luton Town,23,1413.0,17.4,0.7,1647.0,-88.0,-5.07,26,-1.84,1.0
Jordan Pickford,G,30,Everton,38,3720.0,34.2,1.26,1865.0,135.0,7.79,1,2.48,22.0
Jorginho,M,32,Arsenal,24,1038.0,33.3,1.5,1884.0,35.0,1.89,18,1.0,12.0
Joseph Johnson,D,18,Luton Town,2,87.0,0.0,0.0,1714.0,-28.0,-1.6,6,-0.86,0.1
Josh Brownhill,M,28,Burnley,33,2467.0,15.2,0.76,1665.0,-106.0,-5.99,27,-1.83,15.0
Josh Cullen,M,28,Burnley,25,2222.0,12.0,0.68,1675.0,-76.0,-4.32,21,-1.49,10.0
Josh Dasilva,D,25,Brentford,3,42.0,0.0,1.0,1807.0,0.0,0.01,10,0.39,10.0
Joshua Acheampong,D,17,Chelsea,1,12.0,0.0,1.0,1812.0,0.0,0.0,19,0.42,0.3
José Sá,G,31,Wolves,35,3329.0,34.3,1.23,1810.0,65.0,3.73,5,1.34,14.0
João Gomes,M,23,Wolves,34,2826.0,35.3,1.21,1763.0,6.0,0.33,10,0.28,35.0
João Palhinha,M,28,Fulham,33,2884.0,33.3,1.21,1774.0,19.0,1.11,14,0.53,55.0
João Pedro,F,22,Brighton,31,2209.0,29.0,1.23,1812.0,-3.0,-0.17,10,0.12,45.0
Joël Matip,D,32,Liverpool,10,841.0,60.0,2.0,1922.0,75.0,4.09,16,2.79,8.0
Joël Veltman,D,32,Brighton,27,1774.0,37.0,1.41,1811.0,-5.0,-0.3,11,0.08,10.0
Joško Gvardiol,D,22,Manchester City,28,2495.0,75.0,2.43,2073.0,169.0,8.89,7,3.7,75.0
Julio Enciso,F,20,Brighton,12,528.0,33.3,1.25,1753.0,-64.0,-3.52,26,-1.72,22.0
Julián Álvarez,F,24,Manchester City,36,2796.0,72.2,2.39,2092.0,164.0,8.51,5,3.08,90.0
Jurriën Timber,D,22,Arsenal,2,78.0,100.0,3.0,1861.0,11.0,0.57,24,0.9,38.0
Justin Kluivert,F,25,Bournemouth,32,1984.0,43.8,1.53,1807.0,58.0,3.31,5,1.29,14.0
Jáder Durán,F,20,Aston Villa,23,643.0,34.8,1.52,1854.0,38.0,2.1,14,1.09,20.0
Jóhann Berg Guðmundsson,M,33,Burnley,26,1295.0,30.8,1.27,1742.0,-32.0,-1.78,7,-0.5,1.0
Kaelan Casey,D,19,West Ham,1,4.0,0.0,1.0,1805.0,0.0,0.0,8,0.42,1.0
Kai Havertz,F,24,Arsenal,37,2832.0,67.6,2.19,2049.0,199.0,10.76,5,3.64,70.0
Kaide Gordon,F,19,Liverpool,1,5.0,0.0,1.0,1899.0,0.0,0.0,24,0.42,1.2
Kaine Kesler-Hayden,M,21,Aston Villa,3,12.0,0.0,1.0,1845.0,0.0,0.01,16,0.39,2.2
Kalvin Phillips,M,28,West Ham,12,464.0,33.3,1.17,1746.0,-25.0,-1.32,23,-0.5,25.0
Kaoru Mitoma,F,26,Brighton,19,1615.0,42.1,1.53,1848.0,8.0,0.45,2,0.43,45.0
Keane Lewis-Potter,F,23,Brentford,30,1578.0,23.3,1.13,1752.0,-67.0,-3.68,23,-1.16,15.0
Kenny Tete,D,28,Fulham,14,941.0,28.6,1.07,1740.0,-43.0,-2.43,25,-1.0,15.0
Kevin De Bruyne,M,32,Manchester City,18,1286.0,77.8,2.56,2127.0,183.0,9.43,2,5.04,50.0
Kevin Schade,D,22,Brentford,11,398.0,27.3,1.45,1815.0,16.0,0.9,5,0.8,22.0
Kieffer Moore,F,31,Bournemouth,8,160.0,37.5,1.5,1749.0,12.0,0.7,16,0.75,2.0
Kieran Trippier,D,33,Newcastle Utd,28,2426.0,39.3,1.39,1888.0,35.0,1.89,8,0.91,10.0
Kobbie Mainoo,M,19,Manchester Utd,24,2001.0,37.5,1.46,1856.0,10.0,0.52,8,0.43,50.0
Konstantinos Mavropanos,D,26,West Ham,19,1644.0,26.3,1.21,1805.0,5.0,0.25,9,0.36,20.0
Kostas Tsimikas,D,27,Liverpool,13,760.0,38.5,1.77,1908.0,62.0,3.36,21,2.14,22.0
Kristoffer Ajer,D,26,Brentford,28,2001.0,21.4,1.07,1772.0,-26.0,-1.43,16,-0.35,15.0
Kurt Zouma,D,29,West Ham,33,3091.0,39.4,1.39,1783.0,-2.0,-0.13,14,0.13,25.0
Kyle Walker,D,33,Manchester City,32,2988.0,71.9,2.34,2044.0,95.0,4.88,10,2.0,13.0
Leander Dendoncker,M,28,Aston Villa,8,174.0,12.5,1.12,1811.0,-9.0,-0.5,23,-0.0,7.0
Leandro Trossard,F,29,Arsenal,34,1787.0,58.8,2.06,1974.0,160.0,8.79,9,3.12,35.0
Leon Bailey,F,26,Aston Villa,35,2237.0,48.6,1.77,1919.0,126.0,7.05,4,2.45,42.0
Leon Chiwome,F,18,Wolves,3,189.0,0.0,0.33,1754.0,-21.0,-1.17,16,-0.52,1.0
Lesley Ugochukwu,M,20,Chelsea,12,365.0,8.3,0.83,1745.0,-44.0,-2.48,30,-1.09,25.0
Levi Colwill,D,21,Chelsea,23,1939.0,34.8,1.3,1823.0,33.0,1.85,15,0.97,50.0
Lewis Cook,M,27,Bournemouth,33,3024.0,30.3,1.24,1778.0,64.0,3.76,9,1.37,12.0
Lewis Dobbin,M,21,Everton,12,302.0,16.7,1.17,1761.0,4.0,0.25,14,0.4,2.5
Lewis Dunk,D,32,Brighton,33,3088.0,33.3,1.3,1823.0,0.0,0.01,6,0.17,12.0
Lewis Hall,D,19,Newcastle Utd,18,877.0,38.9,1.56,1875.0,36.0,1.95,10,1.18,18.0
Lewis Miley,M,17,Newcastle Utd,17,1275.0,41.2,1.35,1796.0,-26.0,-1.41,30,-0.46,22.0
Lewis Warrington,F,21,Everton,1,4.0,0.0,1.0,1784.0,0.0,0.0,10,0.42,0.5
Lisandro Martínez,D,26,Manchester Utd,11,701.0,27.3,1.36,1846.0,17.0,0.94,13,0.83,45.0
Lloyd Kelly,D,25,Bournemouth,23,1719.0,26.1,1.09,1722.0,-10.0,-0.59,24,-0.02,18.0
Lorenz Assignon,D,23,Burnley,15,1328.0,13.3,0.67,1722.0,-28.0,-1.59,9,-0.54,10.0
Loris Karius,G,30,Newcastle Utd,1,96.0,0.0,0.0,1837.0,0.0,0.0,23,0.42,1.0
Luca Koleosho,M,19,Burnley,15,1001.0,20.0,0.73,1662.0,-92.0,-5.25,28,-2.37,7.0
Lucas Digne,D,30,Aston Villa,33,2618.0,54.5,1.85,1890.0,103.0,5.74,5,2.11,12.0
Lucas Paquetá,F,26,West Ham,31,2779.0,41.9,1.52,1822.0,37.0,2.09,4,0.9,65.0
Luis Díaz,F,27,Liverpool,37,2781.0,62.2,2.14,1965.0,112.0,6.06,8,2.12,75.0
Luis Sinisterra,F,24,Bournemouth,20,795.0,30.0,1.15,1715.0,-19.0,-1.11,26,-0.25,17.0
Luke Berry,D,31,Luton Town,17,422.0,29.4,1.41,1779.0,57.0,3.31,1,1.78,0.4
Luke Harris,M,18,Fulham,1,81.0,0.0,0.0,1764.0,0.0,0.0,18,0.42,1.0
Luke Shaw,D,28,Manchester Utd,12,1026.0,58.3,1.83,1869.0,25.0,1.34,7,1.06,32.0
Luke Thomas,D,22,Sheffield Utd,12,996.0,8.3,0.42,1637.0,-103.0,-5.92,24,-2.93,6.0
Lyle Foster,F,23,Burnley,24,2005.0,12.5,0.75,1698.0,-53.0,-3.01,15,-1.0,13.0
Mads Juel Andersen,D,25,Luton Town,8,441.0,12.5,0.75,1710.0,-8.0,-0.49,9,0.03,3.0
Mads Roerslev,D,24,Brentford,34,2153.0,26.5,1.12,1759.0,-44.0,-2.43,22,-0.65,10.0
Mahmoud Dahoud,M,27,Brighton,9,479.0,55.6,1.89,1813.0,-2.0,-0.1,9,0.24,6.0
Malo Gusto,F,21,Chelsea,27,1872.0,37.0,1.52,1863.0,74.0,4.15,11,1.76,35.0
Manor Solomon,F,24,Tottenham,5,227.0,40.0,1.6,1827.0,23.0,1.27,19,1.27,13.0
Manuel Akanji,D,28,Manchester City,30,2707.0,66.7,2.27,2048.0,95.0,4.88,9,2.08,45.0
Marc Cucurella,D,25,Chelsea,21,1932.0,52.4,1.86,1917.0,111.0,6.13,4,2.92,25.0
Marc Guéhi,M,23,Crystal Palace,25,2190.0,32.0,1.24,1789.0,-8.0,-0.46,13,0.02,38.0
Marcos Senesi,D,27,Bournemouth,31,2430.0,25.8,1.06,1819.0,108.0,6.34,3,2.29,22.0
Marcus Rashford,F,26,Manchester Utd,33,2434.0,33.3,1.33,1827.0,-14.0,-0.76,21,-0.1,60.0
Marcus Tavernier,F,25,Bournemouth,30,2247.0,40.0,1.43,1795.0,71.0,4.11,7,1.6,20.0
Mario Lemina,M,30,Wolves,35,3206.0,31.4,1.2,1761.0,18.0,1.06,12,0.49,10.0
Mark Flekken,G,30,Brentford,37,3587.0,24.3,0.97,1768.0,-32.0,-1.79,18,-0.4,12.0
Mark O'Mahony,F,19,Brighton,3,76.0,0.0,0.67,1807.0,-19.0,-1.06,13,-0.44,0.3
Mark Travers,G,24,Bournemouth,4,404.0,50.0,1.5,1784.0,-5.0,-0.26,8,0.16,3.5
Martin Dúbravka,G,35,Newcastle Utd,23,2172.0,39.1,1.39,1861.0,20.0,1.11,16,0.67,1.0
Martin Ødegaard,M,25,Arsenal,35,3288.0,77.1,2.43,2095.0,232.0,12.47,2,4.37,110.0
Marvelous Nakamba,M,29,Luton Town,13,1210.0,7.7,0.46,1664.0,-56.0,-3.26,22,-1.42,5.0
Mason Burstow,F,20,Chelsea,2,18.0,0.0,0.5,1773.0,-0.0,-0.01,28,0.4,1.8
Mason Holgate,D,27,Sheffield Utd,10,769.0,10.0,0.6,1692.0,-24.0,-1.38,11,-0.5,5.0
Mason Mount,F,25,Manchester Utd,14,591.0,14.3,0.86,1730.0,-89.0,-4.87,30,-2.35,35.0
Mateo Kovačić,M,30,Manchester City,30,1691.0,50.0,1.87,1963.0,43.0,2.22,18,1.04,30.0
Matheus Cunha,F,24,Wolves,32,2592.0,25.0,1.16,1818.0,70.0,3.99,3,1.52,45.0
Matheus França,F,19,Crystal Palace,10,298.0,30.0,1.4,1795.0,6.0,0.34,11,0.5,15.0
Matheus Nunes,F,25,Manchester City,19,932.0,42.1,1.53,1914.0,-31.0,-1.59,20,-0.56,50.0
Mathias Jensen,M,28,Brentford,32,2322.0,34.4,1.25,1774.0,-31.0,-1.72,15,-0.42,28.0
Matt Doherty,D,32,Wolves,30,1345.0,16.7,1.1,1738.0,-2.0,-0.1,19,0.14,3.0
Matt Ritchie,F,34,Newcastle Utd,13,208.0,15.4,1.08,1799.0,-43.0,-2.33,29,-1.03,1.0
Matt Targett,F,28,Newcastle Utd,3,89.0,0.0,0.33,1794.0,-20.0,-1.11,31,-0.48,10.0
Matt Turner,G,29,Nott'ham Forest,17,1684.0,23.5,1.0,1751.0,15.0,0.85,12,0.65,7.0
Matty Cash,F,26,Aston Villa,29,2347.0,48.3,1.69,1858.0,71.0,3.97,12,1.63,28.0
Matz Sels,G,32,Nott'ham Forest,16,1565.0,25.0,1.0,1751.0,-2.0,-0.12,13,0.19,7.0
Max Aarons,D,24,Bournemouth,20,1361.0,15.0,0.7,1658.0,-59.0,-3.43,30,-1.25,16.0
Max Kilman,D,26,Wolves,38,3747.0,34.2,1.21,1759.0,11.0,0.61,13,0.34,32.0
Max Lowe,D,27,Sheffield Utd,10,559.0,10.0,0.7,1706.0,-29.0,-1.67,7,-0.67,2.5
Maxime Estève,D,21,Burnley,16,1414.0,18.8,0.88,1721.0,-60.0,-3.39,10,-1.42,7.0
Maxwel Cornet,F,27,West Ham,7,146.0,14.3,1.0,1764.0,-22.0,-1.24,19,-0.48,9.0
Michael Keane,F,31,Everton,9,489.0,11.1,0.56,1705.0,-34.0,-1.96,22,-0.86,6.0
Michael Obafemi,F,23,Burnley,2,34.0,50.0,2.0,1764.0,7.0,0.43,5,0.72,2.2
Michael Olakigbe,F,19,Brentford,8,118.0,12.5,1.25,1816.0,-6.0,-0.31,4,0.1,0.6
Michael Olise,F,22,Crystal Palace,19,1381.0,47.4,1.74,1967.0,181.0,10.12,1,4.86,55.0
Michail Antonio,F,34,West Ham,26,1769.0,46.2,1.54,1788.0,-11.0,-0.63,13,-0.04,4.0
Micky van de Ven,D,23,Tottenham,27,2537.0,48.1,1.7,1871.0,69.0,3.85,8,1.66,55.0
Miguel Almirón,M,30,Newcastle Utd,33,2063.0,24.2,1.06,1769.0,-82.0,-4.41,32,-1.38,20.0
Mike Trésor,M,24,Burnley,16,502.0,12.5,0.75,1685.0,-82.0,-4.64,19,-2.03,12.0
Mikkel Damsgaard,M,23,Brentford,23,955.0,26.1,1.48,1851.0,49.0,2.71,2,1.34,10.0
Milos Kerkez,D,20,Bournemouth,28,2108.0,21.4,1.07,1733.0,-5.0,-0.27,20,0.08,20.0
Mohamed Elneny,M,31,Arsenal,3,47.0,33.3,1.67,1864.0,-0.0,-0.01,23,0.39,3.5
Mohamed Salah,F,31,Liverpool,32,2733.0,53.1,2.0,2058.0,190.0,10.2,1,3.82,55.0
Mohammed Kudus,F,23,West Ham,33,2700.0,33.3,1.21,1772.0,-11.0,-0.6,15,-0.04,50.0
Moisés Caicedo,M,22,Chelsea,35,3078.0,48.6,1.63,1895.0,122.0,6.89,7,2.38,75.0
Morgan Gibbs-White,F,24,Nott'ham Forest,37,3417.0,29.7,1.11,1768.0,46.0,2.69,5,0.96,40.0
Morgan Rogers,F,21,Aston Villa,11,681.0,27.3,1.18,1835.0,-5.0,-0.28,18,0.13,15.0
Moussa Diaby,M,24,Aston Villa,38,2321.0,34.2,1.42,1833.0,51.0,2.87,19,1.03,55.0
Moussa Niakhate,D,28,Nott'ham Forest,21,1612.0,14.3,0.67,1682.0,-53.0,-3.04,31,-1.07,16.0
Murillo,D,21,Nott'ham Forest,32,3026.0,21.9,0.94,1744.0,-6.0,-0.34,17,0.06,35.0
Mykhailo Mudryk,F,23,Chelsea,31,1702.0,35.5,1.45,1848.0,59.0,3.29,12,1.33,35.0
Myles Peart-Harris,M,21,Brentford,3,30.0,0.0,1.0,1808.0,-1.0,-0.03,8,0.34,0.7
Naouirou Ahamada,M,22,Crystal Palace,20,502.0,40.0,1.35,1749.0,-38.0,-2.11,20,-0.73,8.0
Nathan Aké,D,29,Manchester City,29,2203.0,58.6,2.07,2003.0,52.0,2.66,14,1.24,40.0
Nathan Collins,D,23,Brentford,32,2914.0,31.2,1.19,1796.0,-5.0,-0.28,12,0.08,25.0
Nathan Fraser,M,19,Wolves,7,234.0,28.6,1.29,1775.0,-22.0,-1.2,9,-0.48,1.0
Nathan Patterson,D,22,Everton,20,1130.0,20.0,0.95,1713.0,-15.0,-0.87,21,-0.15,15.0
Nathan Redmond,F,29,Burnley,12,213.0,8.3,0.83,1720.0,-51.0,-2.86,11,-1.31,5.0
Nathaniel Clyne,D,33,Crystal Palace,19,1450.0,52.6,1.79,1893.0,109.0,6.1,4,3.02,1.5
Nayef Aguerd,D,28,West Ham,21,1999.0,33.3,1.14,1719.0,-66.0,-3.69,26,-1.39,35.0
Neal Maupay,F,27,Brentford,31,1617.0,25.8,1.03,1738.0,-75.0,-4.14,24,-1.29,12.0
Neco Williams,D,23,Nott'ham Forest,26,1821.0,15.4,0.88,1701.0,-49.0,-2.83,28,-0.87,17.0
Neto,G,34,Bournemouth,32,3136.0,31.2,1.22,1816.0,91.0,5.28,4,1.92,2.5
Nick Pope,G,32,Newcastle Utd,15,1454.0,60.0,1.93,1923.0,65.0,3.51,3,2.11,16.0
Nicolas Jackson,F,22,Chelsea,35,2998.0,45.7,1.66,1937.0,147.0,8.23,2,2.83,35.0
Nicolás Domínguez,M,25,Nott'ham Forest,26,1580.0,11.5,0.85,1712.0,-33.0,-1.88,27,-0.52,17.0
Nicolò Zaniolo,F,24,Aston Villa,25,973.0,40.0,1.6,1836.0,27.0,1.52,17,0.8,20.0
Noni Madueke,F,22,Chelsea,23,1152.0,39.1,1.57,1883.0,110.0,6.19,8,2.76,28.0
Nuno Tavares,D,24,Nott'ham Forest,8,514.0,25.0,1.12,1745.0,-2.0,-0.11,15,0.25,15.0
Nélson Semedo,D,30,Wolves,36,3333.0,30.6,1.14,1718.0,-28.0,-1.61,23,-0.34,12.0
Odeluga Offiah,D,21,Brighton,4,151.0,25.0,1.0,1797.0,-13.0,-0.7,15,-0.17,0.3
Odisseas Vlachodimos,G,29,Nott'ham Forest,5,488.0,20.0,0.6,1713.0,-68.0,-3.84,26,-2.36,7.0
Odsonne Édouard,F,26,Crystal Palace,30,1685.0,23.3,1.13,1735.0,-69.0,-3.83,23,-1.2,18.0
Ola Aina,D,27,Nott'ham Forest,22,1803.0,27.3,1.0,1728.0,-0.0,-0.01,21,0.21,12.0
Oleksandr Zinchenko,D,27,Arsenal,27,1860.0,55.6,1.96,1926.0,69.0,3.74,15,1.66,38.0
Oliver Arblaster,M,20,Sheffield Utd,12,1011.0,16.7,0.67,1661.0,-78.0,-4.5,17,-2.15,0.45
Oliver McBurnie,F,27,Sheffield Utd,21,1406.0,9.5,0.67,1652.0,-92.0,-5.25,20,-2.02,4.5
Oliver Norwood,D,33,Sheffield Utd,27,1643.0,7.4,0.48,1618.0,-106.0,-6.16,27,-2.06,1.0
Oliver Skipp,M,23,Tottenham,21,839.0,23.8,1.14,1766.0,-39.0,-2.14,26,-0.73,15.0
Ollie Watkins,F,28,Aston Villa,37,3486.0,54.1,1.84,1999.0,206.0,11.48,1,3.77,65.0
Omari Forson,F,19,Manchester Utd,4,96.0,0.0,0.75,1819.0,-12.0,-0.64,23,-0.13,2.0
Omari Kellyman,F,18,Aston Villa,2,45.0,0.0,0.5,1833.0,-16.0,-0.89,20,-0.32,1.0
Orel Mangala,M,25,Nott'ham Forest,20,1667.0,10.0,0.7,1672.0,-49.0,-2.87,32,-1.0,20.0
Oscar Bobb,F,20,Manchester City,14,361.0,50.0,1.93,1961.0,22.0,1.15,19,0.91,25.0
Owen Beck,D,21,Liverpool,1,16.0,100.0,3.0,1910.0,0.0,0.0,20,0.42,1.25
Pablo Fornals,M,27,West Ham,15,512.0,13.3,1.07,1758.0,-28.0,-1.55,21,-0.54,14.0
Pablo Sarabia,F,32,Wolves,30,1873.0,46.7,1.63,1838.0,73.0,4.16,1,1.64,10.0
Pape Matar Sarr,M,21,Tottenham,34,2172.0,47.1,1.68,1848.0,50.0,2.79,12,1.09,45.0
Pascal Groß,M,32,Brighton,36,3370.0,30.6,1.28,1854.0,25.0,1.35,1,0.61,8.0
Pau Torres,D,27,Aston Villa,29,2707.0,55.2,1.93,1923.0,140.0,7.87,3,3.03,45.0
Paul Dummett,D,32,Newcastle Utd,5,47.0,0.0,0.8,1808.0,-35.0,-1.9,28,-1.04,0.9
Pedro Neto,F,24,Wolves,20,1648.0,30.0,1.25,1784.0,32.0,1.85,7,1.02,55.0
Pedro Porro,D,24,Tottenham,35,3362.0,51.4,1.69,1889.0,65.0,3.54,7,1.34,45.0
Pelly Ruddock Mpanzu,M,30,Luton Town,27,1240.0,11.1,0.74,1664.0,-54.0,-3.16,23,-0.96,1.5
Pervis Estupiñán,D,26,Brighton,19,1346.0,36.8,1.37,1784.0,-51.0,-2.8,18,-1.08,30.0
Phil Foden,M,23,Manchester City,35,3039.0,68.6,2.31,2125.0,202.0,10.53,3,3.83,150.0
Philip Billing,F,27,Bournemouth,29,1552.0,20.7,0.93,1698.0,-28.0,-1.6,27,-0.39,22.0
Philippe Coutinho,F,31,Aston Villa,2,31.0,50.0,1.5,1798.0,9.0,0.49,25,0.81,7.5
Pierre Højbjerg,M,28,Tottenham,36,1559.0,38.9,1.5,1791.0,-27.0,-1.5,23,-0.32,18.0
Radu Drăgușin,D,22,Tottenham,9,505.0,44.4,1.56,1841.0,16.0,0.86,15,0.86,25.0
Raheem Sterling,F,29,Chelsea,31,2143.0,41.9,1.45,1828.0,38.0,2.14,14,0.92,35.0
Raphaël Varane,D,31,Manchester Utd,22,1513.0,36.4,1.45,1856.0,7.0,0.38,9,0.38,20.0
Rasmus Højlund,F,21,Manchester Utd,30,2279.0,36.7,1.5,1852.0,43.0,2.38,11,1.04,65.0
Rayan Aït-Nouri,D,22,Wolves,33,2458.0,39.4,1.33,1762.0,17.0,0.95,11,0.49,35.0
Raúl Jiménez,F,33,Fulham,24,1495.0,20.8,1.04,1812.0,43.0,2.43,2,1.18,5.0
Reece Burke,D,27,Luton Town,22,1778.0,18.2,0.77,1680.0,-39.0,-2.29,15,-0.71,1.8
Reece James,D,24,Chelsea,10,450.0,20.0,1.0,1792.0,2.0,0.14,26,0.36,40.0
Reiss Nelson,F,24,Arsenal,15,374.0,46.7,1.87,1879.0,25.0,1.35,19,0.97,15.0
Remi Matthews,G,29,Crystal Palace,1,16.0,0.0,0.0,1760.0,0.0,0.0,17,0.42,0.5
Rhian Brewster,F,24,Sheffield Utd,13,412.0,0.0,0.54,1662.0,-75.0,-4.34,16,-2.0,3.0
Rhys Norrington-Davies,D,24,Sheffield Utd,5,139.0,20.0,1.0,1711.0,-26.0,-1.48,6,-0.68,2.5
Richarlison,F,26,Tottenham,28,1627.0,57.1,1.96,1912.0,109.0,6.06,3,2.45,38.0
Rico Henry,D,26,Brentford,5,430.0,20.0,1.4,1815.0,10.0,0.57,6,0.75,20.0
Rico Lewis,F,19,Manchester City,16,883.0,50.0,2.0,1975.0,54.0,2.83,16,1.74,38.0
Robert Sánchez,G,26,Chelsea,16,1561.0,31.2,1.19,1822.0,32.0,1.8,16,1.13,20.0
Robin Olsen,G,34,Aston Villa,5,440.0,20.0,0.6,1770.0,-57.0,-3.11,30,-1.92,1.5
Rodri,M,27,Manchester City,34,3138.0,79.4,2.59,2138.0,174.0,8.87,1,3.38,120.0
Rodrigo Bentancur,M,26,Tottenham,23,1101.0,34.8,1.26,1771.0,-52.0,-2.85,25,-1.0,35.0
Rodrigo Muniz,F,23,Fulham,26,1723.0,34.6,1.27,1810.0,54.0,3.06,4,1.37,20.0
Rodrigo Ribeiro,F,19,Nott'ham Forest,4,50.0,0.0,1.0,1751.0,1.0,0.03,14,0.41,3.0
Romain Faivre,M,25,Bournemouth,5,79.0,0.0,0.8,1748.0,-5.0,-0.26,17,0.16,15.0
Roméo Lavia,M,19,Chelsea,1,41.0,100.0,3.0,1809.0,0.0,0.0,21,0.42,35.0
Ross Barkley,M,30,Luton Town,32,2835.0,21.9,0.88,1694.0,-15.0,-0.89,13,-0.12,8.0
Ryan Christie,M,29,Bournemouth,37,3098.0,35.1,1.24,1757.0,48.0,2.81,15,1.0,12.0
Ryan Giles,D,23,Luton Town,11,562.0,9.1,0.55,1670.0,-53.0,-3.06,19,-1.42,4.5
Ryan Gravenberch,M,22,Liverpool,26,1227.0,38.5,1.5,1864.0,-7.0,-0.35,28,0.04,35.0
Ryan One,F,17,Sheffield Utd,1,19.0,0.0,0.0,1724.0,0.0,0.0,5,0.42,0.2
Ryan Yates,M,26,Nott'ham Forest,35,2218.0,22.9,1.09,1716.0,-6.0,-0.33,25,0.05,12.0
Rúben Dias,D,27,Manchester City,30,2771.0,63.3,2.17,2035.0,91.0,4.68,11,2.0,80.0
Sam Curtis,D,18,Sheffield Utd,1,34.0,0.0,1.0,1731.0,0.0,0.0,2,0.42,0.15
Sam Johnstone,G,30,Crystal Palace,20,1953.0,25.0,1.1,1742.0,-51.0,-2.85,21,-1.05,10.0
Saman Ghoddos,D,30,Brentford,19,872.0,15.8,0.84,1711.0,-93.0,-5.18,27,-2.15,2.0
Sander Berge,M,26,Burnley,37,3250.0,13.5,0.65,1642.0,-109.0,-6.24,31,-1.75,20.0
Sandro Tonali,M,23,Newcastle Utd,8,468.0,50.0,1.75,1845.0,6.0,0.31,19,0.53,38.0
Santiago Bueno,D,25,Wolves,12,911.0,16.7,0.75,1733.0,-27.0,-1.53,20,-0.56,8.0
Sasa Kalajdzic,F,26,Wolves,11,242.0,27.3,1.55,1817.0,48.0,2.74,4,1.83,5.0
Saïd Benrahma,F,28,West Ham,13,681.0,46.2,1.77,1822.0,37.0,2.07,5,1.39,20.0
Saša Lukić,M,27,Fulham,24,1250.0,25.0,1.08,1751.0,-39.0,-2.18,21,-0.68,10.0
Scott McKenna,D,26,Nott'ham Forest,5,454.0,40.0,1.6,1761.0,39.0,2.24,6,1.91,9.0
Scott McTominay,F,27,Manchester Utd,32,2135.0,40.6,1.5,1841.0,18.0,1.01,16,0.52,32.0
Sean Longstaff,M,26,Newcastle Utd,35,2986.0,45.7,1.6,1865.0,23.0,1.24,14,0.58,25.0
Serge Aurier,D,30,Nott'ham Forest,12,907.0,25.0,1.0,1735.0,14.0,0.79,20,0.71,3.7
Sergio Gómez,M,23,Manchester City,6,83.0,33.3,1.5,1884.0,-32.0,-1.68,22,-0.88,10.0
Sergio Reguilón,D,27,Brentford,25,1646.0,32.0,1.28,1839.0,44.0,2.48,3,1.17,12.0
Shandon Baptiste,M,25,Brentford,10,288.0,10.0,0.9,1762.0,-38.0,-2.09,19,-0.97,2.5
Simon Adingra,F,22,Brighton,31,2368.0,29.0,1.13,1762.0,-59.0,-3.21,24,-0.98,30.0
Sofyan Amrabat,M,27,Manchester Utd,21,1045.0,19.0,0.95,1748.0,-71.0,-3.89,29,-1.51,22.0
Solly March,D,29,Brighton,7,578.0,42.9,1.43,1822.0,-10.0,-0.53,7,-0.04,18.0
Son Heung-min,F,31,Tottenham,35,3124.0,48.6,1.6,1933.0,129.0,7.17,2,2.5,45.0
Stefan Bajcetic,M,19,Liverpool,1,33.0,0.0,0.0,1864.0,0.0,0.0,29,0.42,11.0
Stefan Ortega,G,31,Manchester City,9,696.0,77.8,2.56,2005.0,86.0,4.48,13,3.26,9.0
Sven Botman,D,24,Newcastle Utd,17,1488.0,35.3,1.35,1846.0,-12.0,-0.64,18,-0.08,45.0
Sydie Peck,M,19,Sheffield Utd,1,15.0,0.0,1.0,1731.0,0.0,0.0,3,0.42,0.2
Séamus Coleman,D,35,Everton,12,746.0,25.0,1.17,1759.0,-5.0,-0.3,16,0.12,0.5
Tahith Chong,F,24,Luton Town,33,2130.0,9.1,0.7,1608.0,-111.0,-6.48,28,-1.92,6.0
Taiwo Awoniyi,F,26,Nott'ham Forest,20,1113.0,20.0,1.05,1759.0,-4.0,-0.23,7,0.12,28.0
Takehiro Tomiyasu,D,25,Arsenal,22,1287.0,68.2,2.18,1933.0,116.0,6.4,14,2.97,35.0
Tariq Lamptey,D,23,Brighton,19,981.0,15.8,0.84,1732.0,-58.0,-3.26,29,-1.26,12.0
Tawanda Chirewa,F,20,Wolves,8,198.0,0.0,0.75,1758.0,-24.0,-1.34,14,-0.54,0.5
Teden Mengi,D,22,Luton Town,30,2692.0,13.3,0.7,1674.0,-43.0,-2.52,16,-0.68,12.0
Thiago Alcántara,M,32,Liverpool,1,13.0,0.0,0.0,1905.0,0.0,0.0,22,0.42,10.0
Thiago Silva,D,39,Chelsea,31,2767.0,41.9,1.52,1880.0,90.0,5.03,9,1.94,1.0
Thilo Kehrer,D,27,West Ham,4,46.0,0.0,0.75,1772.0,-13.0,-0.72,16,-0.17,10.0
Thomas Cannon,F,20,Everton,1,6.0,0.0,1.0,1755.0,0.0,0.0,18,0.42,4.0
Thomas Kaminski,G,31,Luton Town,38,3700.0,15.8,0.68,1669.0,-47.0,-2.73,20,-0.66,3.0
Thomas Partey,M,30,Arsenal,14,853.0,64.3,2.21,1952.0,87.0,4.66,11,2.82,18.0
Thomas Strakosha,G,28,Brentford,2,148.0,50.0,1.5,1808.0,14.0,0.77,9,1.04,3.0
Tim Iroegbunam,M,20,Aston Villa,9,222.0,11.1,0.78,1787.0,-62.0,-3.38,29,-1.83,4.0
Tim Ream,D,36,Fulham,18,1626.0,33.3,1.22,1774.0,-8.0,-0.44,15,0.02,0.8
Timo Werner,F,28,Tottenham,13,857.0,46.2,1.77,1860.0,33.0,1.81,10,1.27,17.0
Timothy Castagne,M,28,Fulham,34,2862.0,32.4,1.21,1788.0,25.0,1.41,11,0.63,17.0
Tom Cairney,M,33,Fulham,34,1688.0,23.5,1.12,1741.0,-28.0,-1.58,24,-0.35,2.0
Tom Davies,M,25,Sheffield Utd,9,277.0,22.2,1.0,1706.0,-22.0,-1.26,8,-0.45,5.0
Tom Lockyer,D,29,Luton Town,14,1255.0,14.3,0.71,1705.0,-10.0,-0.61,10,-0.03,2.5
Tommy Doyle,M,22,Wolves,26,1385.0,23.1,1.08,1715.0,-24.0,-1.37,24,-0.33,10.0
Tomáš Souček,M,29,West Ham,37,3098.0,32.4,1.22,1794.0,9.0,0.49,11,0.31,30.0
Tosin Adarabioyo,D,26,Fulham,20,1766.0,35.0,1.25,1808.0,43.0,2.46,5,1.3,20.0
Toti Gomes,D,25,Wolves,35,3002.0,34.3,1.29,1758.0,4.0,0.2,15,0.23,20.0
Trent Alexander-Arnold,D,25,Liverpool,28,2299.0,50.0,1.93,1983.0,116.0,6.19,5,2.6,70.0
Trevoh Chalobah,D,24,Chelsea,13,1052.0,61.5,2.08,1935.0,135.0,7.48,3,4.35,13.0
Tyler Adams,M,25,Bournemouth,3,152.0,66.7,2.0,1758.0,-7.0,-0.38,13,0.08,15.0
Tyler Onyango,M,20,Everton,1,2.0,0.0,1.0,1751.0,0.0,0.0,19,0.42,0.5
Tyrick Mitchell,D,24,Crystal Palace,37,3453.0,35.1,1.3,1831.0,38.0,2.13,10,0.82,25.0
Tyrone Mings,D,30,Aston Villa,1,31.0,0.0,0.0,1794.0,0.0,0.0,27,0.42,13.0
Valentino Livramento,D,21,Newcastle Utd,26,1470.0,42.3,1.54,1829.0,-8.0,-0.42,25,0.02,35.0
Valentín Barco,D,19,Brighton,6,342.0,0.0,0.5,1765.0,-41.0,-2.29,22,-1.23,13.0
Victor Lindelöf,D,29,Manchester Utd,19,1428.0,36.8,1.42,1829.0,-3.0,-0.16,20,0.15,15.0
Vinicius Souza,M,24,Sheffield Utd,36,2897.0,13.9,0.56,1604.0,-142.0,-8.12,28,-2.37,12.0
Virgil van Dijk,D,32,Liverpool,36,3448.0,58.3,2.03,2001.0,133.0,7.14,2,2.53,30.0
Vitaliy Mykolenko,D,24,Everton,28,2677.0,35.7,1.32,1779.0,56.0,3.24,11,1.35,28.0
Vitaly Janelt,M,26,Brentford,38,3207.0,28.9,1.16,1771.0,-33.0,-1.81,17,-0.41,22.0
Vitinho,D,24,Burnley,32,2500.0,15.6,0.84,1674.0,-77.0,-4.4,22,-1.31,5.0
Vladimír Coufal,M,31,West Ham,36,3354.0,38.9,1.36,1766.0,-19.0,-1.07,17,-0.18,8.0
Wataru Endo,M,31,Liverpool,29,1873.0,48.3,1.83,1922.0,67.0,3.6,17,1.55,13.0
Wes Foderingham,G,33,Sheffield Utd,30,2905.0,10.0,0.43,1635.0,-89.0,-5.19,25,-1.6,0.9
Will Hughes,M,29,Crystal Palace,30,2025.0,26.7,1.1,1741.0,-16.0,-0.94,22,-0.14,9.0
William Osula,F,20,Sheffield Utd,21,879.0,9.5,0.57,1621.0,-103.0,-5.96,26,-2.29,3.0
William Saliba,D,23,Arsenal,38,3718.0,73.7,2.34,2059.0,193.0,10.33,4,3.48,80.0
Willian,F,35,Fulham,31,2197.0,32.3,1.32,1807.0,43.0,2.44,6,1.02,3.0
Willy Boly,D,33,Nott'ham Forest,20,1556.0,20.0,1.0,1778.0,32.0,1.83,4,1.02,2.5
Willy Kambwala,D,19,Manchester Utd,8,388.0,0.0,0.62,1797.0,-18.0,-0.98,26,-0.32,5.0
Wilson Odobert,M,19,Burnley,29,2216.0,17.2,0.83,1698.0,-57.0,-3.23,16,-0.98,10.0
Yasser Larouci,D,23,Sheffield Utd,11,577.0,0.0,0.55,1678.0,-68.0,-3.89,13,-1.9,3.0
Yehor Yarmoliuk,F,20,Brentford,27,845.0,25.9,1.41,1806.0,-3.0,-0.16,11,0.13,10.0
Yoane Wissa,F,27,Brentford,34,2624.0,32.4,1.32,1813.0,6.0,0.36,7,0.28,28.0
Youri Tielemans,M,27,Aston Villa,32,1803.0,46.9,1.72,1881.0,97.0,5.46,6,2.03,25.0
Youssef Chermiti,F,19,Everton,18,315.0,16.7,1.11,1741.0,19.0,1.09,20,0.73,9.0
Yves Bissouma,M,27,Tottenham,28,2179.0,42.9,1.57,1842.0,39.0,2.16,13,1.0,35.0
Zack Nelson,D,19,Luton Town,2,19.0,50.0,1.5,1744.0,-7.0,-0.38,4,0.09,0.1
Zeki Amdouni,F,23,Burnley,34,2028.0,17.6,0.76,1666.0,-88.0,-5.01,26,-1.46,12.0
Álex Moreno,D,30,Aston Villa,21,1162.0,38.1,1.52,1846.0,-4.0,-0.24,15,0.12,13.0
Đorđe Petrović,G,24,Chelsea,23,2176.0,56.5,1.91,1915.0,127.0,7.12,5,3.16,20.0
Łukasz Fabiański,G,39,West Ham,10,797.0,30.0,1.0,1764.0,-65.0,-3.57,20,-1.86,0.7
